time_s,i_pd_a,a_ref_m_s2
0.000000000e+00,3.016962176e-03,0.000000000e+00
2.000000000e-04,3.016816534e-03,7.366048868e-01
4.000000000e-04,3.016676082e-03,1.456491413e+00
6.000000000e-04,3.016547409e-03,2.143320667e+00
8.000000000e-04,3.016425369e-03,2.781504020e+00
1.000000000e-03,3.016314548e-03,3.356556938e+00
1.200000000e-03,3.016211879e-03,3.855427727e+00
1.400000000e-03,3.016136299e-03,4.266793759e+00
1.600000000e-03,3.016070111e-03,4.581318462e+00
1.800000000e-03,3.016031864e-03,4.791863222e+00
2.000000000e-03,3.016013034e-03,4.893649408e+00
2.200000000e-03,3.016018025e-03,4.884366829e+00
2.400000000e-03,3.016040480e-03,4.764226167e+00
2.600000000e-03,3.016085065e-03,4.535954195e+00
2.800000000e-03,3.016145784e-03,4.204731891e+00
3.000000000e-03,3.016227609e-03,3.778076846e+00
3.200000000e-03,3.016326946e-03,3.265672640e+00
3.400000000e-03,3.016448010e-03,2.679149060e+00
3.600000000e-03,3.016568051e-03,2.031818146e+00
3.800000000e-03,3.016701420e-03,1.338372049e+00
4.000000000e-03,3.016842042e-03,6.145495775e-01
4.200000000e-03,3.016979626e-03,-1.232210252e-01
4.400000000e-03,3.017123146e-03,-8.581949406e-01
4.600000000e-03,3.017259382e-03,-1.573690826e+00
4.800000000e-03,3.017391108e-03,-2.253469420e+00
5.000000000e-03,3.017513598e-03,-2.882102122e+00
5.200000000e-03,3.017622962e-03,-3.445321163e+00
5.400000000e-03,3.017718471e-03,-3.930343436e+00
5.600000000e-03,3.017792067e-03,-4.326160628e+00
5.800000000e-03,3.017845362e-03,-4.623789069e+00
6.000000000e-03,3.017890428e-03,-4.816473634e+00
6.200000000e-03,3.017902717e-03,-4.899841053e+00
6.400000000e-03,3.017896503e-03,-4.871999179e+00
6.600000000e-03,3.017870282e-03,-4.733579924e+00
6.800000000e-03,3.017824007e-03,-4.487724923e+00
7.000000000e-03,3.017757323e-03,-4.140014225e+00
7.200000000e-03,3.017675234e-03,-3.698339651e+00
7.400000000e-03,3.017569543e-03,-3.172725673e+00
7.600000000e-03,3.017458227e-03,-2.575101892e+00
7.800000000e-03,3.017324904e-03,-1.919032285e+00
8.000000000e-03,3.017195828e-03,-1.219407341e+00
8.200000000e-03,3.017051626e-03,-4.921061055e-01
8.400000000e-03,3.016911950e-03,2.463642214e-01
8.600000000e-03,3.016767377e-03,9.792429402e-01
8.800000000e-03,3.016632985e-03,1.689896261e+00
9.000000000e-03,3.016500608e-03,2.362194834e+00
9.200000000e-03,3.016387927e-03,2.980879827e+00
9.400000000e-03,3.016273264e-03,3.531909249e+00
9.600000000e-03,3.016187564e-03,4.002776657e+00
9.800000000e-03,3.016106979e-03,4.382795001e+00
1.000000000e-02,3.016056628e-03,4.663339193e+00
1.020000000e-02,3.016022736e-03,4.838041857e+00
1.040000000e-02,3.016015251e-03,4.902937854e+00
1.060000000e-02,3.016019853e-03,4.856554270e+00
1.080000000e-02,3.016048802e-03,4.699943851e+00
1.100000000e-02,3.016100640e-03,4.436661107e+00
1.120000000e-02,3.016170564e-03,4.072681637e+00
1.140000000e-02,3.016259270e-03,3.616266506e+00
1.160000000e-02,3.016362992e-03,3.077774744e+00
1.180000000e-02,3.016477656e-03,2.469428235e+00
1.200000000e-02,3.016608856e-03,1.805034322e+00
1.220000000e-02,3.016744348e-03,1.099672429e+00
1.240000000e-02,3.016890626e-03,3.693518087e-01
1.260000000e-02,3.017030488e-03,-3.693518087e-01
1.280000000e-02,3.017170893e-03,-1.099672429e+00
1.300000000e-02,3.017305688e-03,-1.805034322e+00
1.320000000e-02,3.017437910e-03,-2.469428235e+00
1.340000000e-02,3.017554666e-03,-3.077774744e+00
1.360000000e-02,3.017653429e-03,-3.616266506e+00
1.380000000e-02,3.017740400e-03,-4.072681637e+00
1.400000000e-02,3.017812989e-03,-4.436661107e+00
1.420000000e-02,3.017865648e-03,-4.699943851e+00
1.440000000e-02,3.017895527e-03,-4.856554270e+00
1.460000000e-02,3.017904841e-03,-4.902937854e+00
1.480000000e-02,3.017890072e-03,-4.838041857e+00
1.500000000e-02,3.017857900e-03,-4.663339193e+00
1.520000000e-02,3.017802513e-03,-4.382795001e+00
1.540000000e-02,3.017730962e-03,-4.002776657e+00
1.560000000e-02,3.017638645e-03,-3.531909249e+00
1.580000000e-02,3.017538440e-03,-2.980879827e+00
1.600000000e-02,3.017416679e-03,-2.362194834e+00
1.620000000e-02,3.017284859e-03,-1.689896261e+00
1.640000000e-02,3.017149522e-03,-9.792429402e-01
1.660000000e-02,3.017006297e-03,-2.463642214e-01
1.680000000e-02,3.016864606e-03,4.921061055e-01
1.700000000e-02,3.016722931e-03,1.219407341e+00
1.720000000e-02,3.016589422e-03,1.919032285e+00
1.740000000e-02,3.016463523e-03,2.575101892e+00
1.760000000e-02,3.016340428e-03,3.172725673e+00
1.780000000e-02,3.016239340e-03,3.698339651e+00
1.800000000e-02,3.016155655e-03,4.140014225e+00
1.820000000e-02,3.016093356e-03,4.487724923e+00
1.840000000e-02,3.016044416e-03,4.733579924e+00
1.860000000e-02,3.016012632e-03,4.871999179e+00
1.880000000e-02,3.016016738e-03,4.899841053e+00
1.900000000e-02,3.016030841e-03,4.816473634e+00
1.920000000e-02,3.016066236e-03,4.623789069e+00
1.940000000e-02,3.016128303e-03,4.326160628e+00
1.960000000e-02,3.016199342e-03,3.930343436e+00
1.980000000e-02,3.016297889e-03,3.445321163e+00
2.000000000e-02,3.016402541e-03,2.882102122e+00
2.020000000e-02,3.016522629e-03,2.253469420e+00
2.040000000e-02,3.016654402e-03,1.573690826e+00
2.060000000e-02,3.016792327e-03,8.581949406e-01
2.080000000e-02,3.016931523e-03,1.232210252e-01
2.100000000e-02,3.017077460e-03,-6.145495775e-01
2.120000000e-02,3.017216346e-03,-1.338372049e+00
2.140000000e-02,3.017350149e-03,-2.031818146e+00
2.160000000e-02,3.017479520e-03,-2.679149060e+00
2.180000000e-02,3.017592076e-03,-3.265672640e+00
2.200000000e-02,3.017689305e-03,-3.778076846e+00
2.220000000e-02,3.017766265e-03,-4.204731891e+00
2.240000000e-02,3.017831787e-03,-4.535954195e+00
2.260000000e-02,3.017878108e-03,-4.764226167e+00
2.280000000e-02,3.017899928e-03,-4.884366829e+00
2.300000000e-02,3.017903585e-03,-4.893649408e+00
2.320000000e-02,3.017880014e-03,-4.791863222e+00
2.340000000e-02,3.017844231e-03,-4.581318462e+00
2.360000000e-02,3.017782335e-03,-4.266793759e+00
2.380000000e-02,3.017699952e-03,-3.855427727e+00
2.400000000e-02,3.017601777e-03,-3.356556938e+00
2.420000000e-02,3.017496660e-03,-2.781504020e+00
2.440000000e-02,3.017373953e-03,-2.143320667e+00
2.460000000e-02,3.017241622e-03,-1.456491413e+00
2.480000000e-02,3.017099606e-03,-7.366048868e-01
2.500000000e-02,3.016961278e-03,-3.602904760e-15
2.520000000e-02,3.016814209e-03,7.366048868e-01
2.540000000e-02,3.016680282e-03,1.456491413e+00
2.560000000e-02,3.016545348e-03,2.143320667e+00
2.580000000e-02,3.016423323e-03,2.781504020e+00
2.600000000e-02,3.016312007e-03,3.356556938e+00
2.620000000e-02,3.016212530e-03,3.855427727e+00
2.640000000e-02,3.016141429e-03,4.266793759e+00
2.660000000e-02,3.016074868e-03,4.581318462e+00
2.680000000e-02,3.016029740e-03,4.791863222e+00
2.700000000e-02,3.016014941e-03,4.893649408e+00
2.720000000e-02,3.016018629e-03,4.884366829e+00
2.740000000e-02,3.016040310e-03,4.764226167e+00
2.760000000e-02,3.016084089e-03,4.535954195e+00
2.780000000e-02,3.016143428e-03,4.204731891e+00
2.800000000e-02,3.016225253e-03,3.778076846e+00
2.820000000e-02,3.016330898e-03,3.265672640e+00
2.840000000e-02,3.016442633e-03,2.679149060e+00
2.860000000e-02,3.016569834e-03,2.031818146e+00
2.880000000e-02,3.016700444e-03,1.338372049e+00
2.900000000e-02,3.016839036e-03,6.145495775e-01
2.920000000e-02,3.016978046e-03,-1.232210252e-01
2.940000000e-02,3.017124649e-03,-8.581949406e-01
2.960000000e-02,3.017260591e-03,-1.573690826e+00
2.980000000e-02,3.017391341e-03,-2.253469420e+00
3.000000000e-02,3.017514342e-03,-2.882102122e+00
3.020000000e-02,3.017619831e-03,-3.445321163e+00
3.040000000e-02,3.017718828e-03,-3.930343436e+00
3.060000000e-02,3.017793912e-03,-4.326160628e+00
3.080000000e-02,3.017849795e-03,-4.623789069e+00
3.100000000e-02,3.017883284e-03,-4.816473634e+00
3.120000000e-02,3.017907320e-03,-4.899841053e+00
3.140000000e-02,3.017895666e-03,-4.871999179e+00
3.160000000e-02,3.017870204e-03,-4.733579924e+00
3.180000000e-02,3.017820350e-03,-4.487724923e+00
3.200000000e-02,3.017757555e-03,-4.140014225e+00
3.220000000e-02,3.017669686e-03,-3.698339651e+00
3.240000000e-02,3.017570752e-03,-3.172725673e+00
3.260000000e-02,3.017454430e-03,-2.575101892e+00
3.280000000e-02,3.017329941e-03,-1.919032285e+00
3.300000000e-02,3.017196463e-03,-1.219407341e+00
3.320000000e-02,3.017050371e-03,-4.921061055e-01
3.340000000e-02,3.016910199e-03,2.463642214e-01
3.360000000e-02,3.016773591e-03,9.792429402e-01
3.380000000e-02,3.016634442e-03,1.689896261e+00
3.400000000e-02,3.016505164e-03,2.362194834e+00
3.420000000e-02,3.016383681e-03,2.980879827e+00
3.440000000e-02,3.016278269e-03,3.531909249e+00
3.460000000e-02,3.016187022e-03,4.002776657e+00
3.480000000e-02,3.016108776e-03,4.382795001e+00
3.500000000e-02,3.016060549e-03,4.663339193e+00
3.520000000e-02,3.016024936e-03,4.838041857e+00
3.540000000e-02,3.016009098e-03,4.902937854e+00
3.560000000e-02,3.016022999e-03,4.856554270e+00
3.580000000e-02,3.016048818e-03,4.699943851e+00
3.600000000e-02,3.016102996e-03,4.436661107e+00
3.620000000e-02,3.016169866e-03,4.072681637e+00
3.640000000e-02,3.016256868e-03,3.616266506e+00
3.660000000e-02,3.016367781e-03,3.077774744e+00
3.680000000e-02,3.016479717e-03,2.469428235e+00
3.700000000e-02,3.016610669e-03,1.805034322e+00
3.720000000e-02,3.016743573e-03,1.099672429e+00
3.740000000e-02,3.016884179e-03,3.693518087e-01
3.760000000e-02,3.017027606e-03,-3.693518087e-01
3.780000000e-02,3.017168646e-03,-1.099672429e+00
3.800000000e-02,3.017305037e-03,-1.805034322e+00
3.820000000e-02,3.017431540e-03,-2.469428235e+00
3.840000000e-02,3.017555177e-03,-3.077774744e+00
3.860000000e-02,3.017660171e-03,-3.616266506e+00
3.880000000e-02,3.017747528e-03,-4.072681637e+00
3.900000000e-02,3.017812338e-03,-4.436661107e+00
3.920000000e-02,3.017866531e-03,-4.699943851e+00
3.940000000e-02,3.017896193e-03,-4.856554270e+00
3.960000000e-02,3.017904965e-03,-4.902937854e+00
3.980000000e-02,3.017892970e-03,-4.838041857e+00
4.000000000e-02,3.017854661e-03,-4.663339193e+00
4.020000000e-02,3.017801955e-03,-4.382795001e+00
4.040000000e-02,3.017732419e-03,-4.002776657e+00
4.060000000e-02,3.017639187e-03,-3.531909249e+00
4.080000000e-02,3.017533744e-03,-2.980879827e+00
4.100000000e-02,3.017412463e-03,-2.362194834e+00
4.120000000e-02,3.017284441e-03,-1.689896261e+00
4.140000000e-02,3.017139526e-03,-9.792429402e-01
4.160000000e-02,3.017007351e-03,-2.463642214e-01
4.180000000e-02,3.016861212e-03,4.921061055e-01
4.200000000e-02,3.016722264e-03,1.219407341e+00
4.220000000e-02,3.016586896e-03,1.919032285e+00
4.240000000e-02,3.016464298e-03,2.575101892e+00
4.260000000e-02,3.016345496e-03,3.172725673e+00
4.280000000e-02,3.016246763e-03,3.698339651e+00
4.300000000e-02,3.016160227e-03,4.140014225e+00
4.320000000e-02,3.016091311e-03,4.487724923e+00
4.340000000e-02,3.016048570e-03,4.733579924e+00
4.360000000e-02,3.016018412e-03,4.871999179e+00
4.380000000e-02,3.016013701e-03,4.899841053e+00
4.400000000e-02,3.016026393e-03,4.816473634e+00
4.420000000e-02,3.016064656e-03,4.623789069e+00
4.440000000e-02,3.016124614e-03,4.326160628e+00
4.460000000e-02,3.016199698e-03,3.930343436e+00
4.480000000e-02,3.016296819e-03,3.445321163e+00
4.500000000e-02,3.016404045e-03,2.882102122e+00
4.520000000e-02,3.016523311e-03,2.253469420e+00
4.540000000e-02,3.016656525e-03,1.573690826e+00
4.560000000e-02,3.016797193e-03,8.581949406e-01
4.580000000e-02,3.016937877e-03,1.232210252e-01
4.600000000e-02,3.017080668e-03,-6.145495775e-01
4.620000000e-02,3.017217694e-03,-1.338372049e+00
4.640000000e-02,3.017347127e-03,-2.031818146e+00
4.660000000e-02,3.017475010e-03,-2.679149060e+00
4.680000000e-02,3.017583289e-03,-3.265672640e+00
4.700000000e-02,3.017686237e-03,-3.778076846e+00
4.720000000e-02,3.017770449e-03,-4.204731891e+00
4.740000000e-02,3.017831492e-03,-4.535954195e+00
4.760000000e-02,3.017879968e-03,-4.764226167e+00
4.780000000e-02,3.017904019e-03,-4.884366829e+00
4.800000000e-02,3.017904593e-03,-4.893649408e+00
4.820000000e-02,3.017883501e-03,-4.791863222e+00
4.840000000e-02,3.017839272e-03,-4.581318462e+00
4.860000000e-02,3.017780336e-03,-4.266793759e+00
4.880000000e-02,3.017706383e-03,-3.855427727e+00
4.900000000e-02,3.017605094e-03,-3.356556938e+00
4.920000000e-02,3.017495017e-03,-2.781504020e+00
4.940000000e-02,3.017369598e-03,-2.143320667e+00
4.960000000e-02,3.017243048e-03,-1.456491413e+00
4.980000000e-02,3.017100814e-03,-7.366048868e-01
5.000000000e-02,3.016953575e-03,-7.205809520e-15
5.020000000e-02,3.016819850e-03,7.366048868e-01
5.040000000e-02,3.016677663e-03,1.456491413e+00
5.060000000e-02,3.016546371e-03,2.143320667e+00
5.080000000e-02,3.016427228e-03,2.781504020e+00
5.100000000e-02,3.016309465e-03,3.356556938e+00
5.120000000e-02,3.016214204e-03,3.855427727e+00
5.140000000e-02,3.016136005e-03,4.266793759e+00
5.160000000e-02,3.016073629e-03,4.581318462e+00
5.180000000e-02,3.016035738e-03,4.791863222e+00
5.200000000e-02,3.016015824e-03,4.893649408e+00
5.220000000e-02,3.016022100e-03,4.884366829e+00
5.240000000e-02,3.016045315e-03,4.764226167e+00
5.260000000e-02,3.016083950e-03,4.535954195e+00
5.280000000e-02,3.016148929e-03,4.204731891e+00
5.300000000e-02,3.016229871e-03,3.778076846e+00
5.320000000e-02,3.016325861e-03,3.265672640e+00
5.340000000e-02,3.016442385e-03,2.679149060e+00
5.360000000e-02,3.016567385e-03,2.031818146e+00
5.380000000e-02,3.016694726e-03,1.338372049e+00
5.400000000e-02,3.016841500e-03,6.145495775e-01
5.420000000e-02,3.016982230e-03,-1.232210252e-01
5.440000000e-02,3.017122139e-03,-8.581949406e-01
5.460000000e-02,3.017262915e-03,-1.573690826e+00
5.480000000e-02,3.017395029e-03,-2.253469420e+00
5.500000000e-02,3.017516791e-03,-2.882102122e+00
5.520000000e-02,3.017622141e-03,-3.445321163e+00
5.540000000e-02,3.017712861e-03,-3.930343436e+00
5.560000000e-02,3.017792827e-03,-4.326160628e+00
5.580000000e-02,3.017854289e-03,-4.623789069e+00
5.600000000e-02,3.017891621e-03,-4.816473634e+00
5.620000000e-02,3.017905615e-03,-4.899841053e+00
5.640000000e-02,3.017900656e-03,-4.871999179e+00
5.660000000e-02,3.017873893e-03,-4.733579924e+00
5.680000000e-02,3.017828129e-03,-4.487724923e+00
5.700000000e-02,3.017755773e-03,-4.140014225e+00
5.720000000e-02,3.017670089e-03,-3.698339651e+00
5.740000000e-02,3.017565312e-03,-3.172725673e+00
5.760000000e-02,3.017457777e-03,-2.575101892e+00
5.780000000e-02,3.017330979e-03,-1.919032285e+00
5.800000000e-02,3.017190977e-03,-1.219407341e+00
5.820000000e-02,3.017052200e-03,-4.921061055e-01
5.840000000e-02,3.016911330e-03,2.463642214e-01
5.860000000e-02,3.016769438e-03,9.792429402e-01
5.880000000e-02,3.016633000e-03,1.689896261e+00
5.900000000e-02,3.016500732e-03,2.362194834e+00
5.920000000e-02,3.016380892e-03,2.980879827e+00
5.940000000e-02,3.016274860e-03,3.531909249e+00
5.960000000e-02,3.016186867e-03,4.002776657e+00
5.980000000e-02,3.016110078e-03,4.382795001e+00
6.000000000e-02,3.016053265e-03,4.663339193e+00
6.020000000e-02,3.016025758e-03,4.838041857e+00
6.040000000e-02,3.016011578e-03,4.902937854e+00
6.060000000e-02,3.016020613e-03,4.856554270e+00
6.080000000e-02,3.016049639e-03,4.699943851e+00
6.100000000e-02,3.016104251e-03,4.436661107e+00
6.120000000e-02,3.016174655e-03,4.072681637e+00
6.140000000e-02,3.016257720e-03,3.616266506e+00
6.160000000e-02,3.016365116e-03,3.077774744e+00
6.180000000e-02,3.016483344e-03,2.469428235e+00
6.200000000e-02,3.016610157e-03,1.805034322e+00
6.220000000e-02,3.016746812e-03,1.099672429e+00
6.240000000e-02,3.016888286e-03,3.693518087e-01
6.260000000e-02,3.017030953e-03,-3.693518087e-01
6.280000000e-02,3.017167824e-03,-1.099672429e+00
6.300000000e-02,3.017305719e-03,-1.805034322e+00
6.320000000e-02,3.017437724e-03,-2.469428235e+00
6.340000000e-02,3.017553333e-03,-3.077774744e+00
6.360000000e-02,3.017654421e-03,-3.616266506e+00
6.380000000e-02,3.017743933e-03,-4.072681637e+00
6.400000000e-02,3.017814678e-03,-4.436661107e+00
6.420000000e-02,3.017862084e-03,-4.699943851e+00
6.440000000e-02,3.017893016e-03,-4.856554270e+00
6.460000000e-02,3.017900935e-03,-4.902937854e+00
6.480000000e-02,3.017893497e-03,-4.838041857e+00
6.500000000e-02,3.017863881e-03,-4.663339193e+00
6.520000000e-02,3.017801924e-03,-4.382795001e+00
6.540000000e-02,3.017727878e-03,-4.002776657e+00
6.560000000e-02,3.017638630e-03,-3.531909249e+00
6.580000000e-02,3.017535341e-03,-2.980879827e+00
6.600000000e-02,3.017415857e-03,-2.362194834e+00
6.620000000e-02,3.017282457e-03,-1.689896261e+00
6.640000000e-02,3.017143897e-03,-9.792429402e-01
6.660000000e-02,3.017003229e-03,-2.463642214e-01
6.680000000e-02,3.016863816e-03,4.921061055e-01
6.700000000e-02,3.016723504e-03,1.219407341e+00
6.720000000e-02,3.016582309e-03,1.919032285e+00
6.740000000e-02,3.016454519e-03,2.575101892e+00
6.760000000e-02,3.016348998e-03,3.172725673e+00
6.780000000e-02,3.016246221e-03,3.698339651e+00
6.800000000e-02,3.016161823e-03,4.140014225e+00
6.820000000e-02,3.016091450e-03,4.487724923e+00
6.840000000e-02,3.016041673e-03,4.733579924e+00
6.860000000e-02,3.016013127e-03,4.871999179e+00
6.880000000e-02,3.016013608e-03,4.899841053e+00
6.900000000e-02,3.016027865e-03,4.816473634e+00
6.920000000e-02,3.016066500e-03,4.623789069e+00
6.940000000e-02,3.016124087e-03,4.326160628e+00
6.960000000e-02,3.016192787e-03,3.930343436e+00
6.980000000e-02,3.016290961e-03,3.445321163e+00
7.000000000e-02,3.016406757e-03,2.882102122e+00
7.020000000e-02,3.016521870e-03,2.253469420e+00
7.040000000e-02,3.016657858e-03,1.573690826e+00
7.060000000e-02,3.016791583e-03,8.581949406e-01
7.080000000e-02,3.016932515e-03,1.232210252e-01
7.100000000e-02,3.017074764e-03,-6.145495775e-01
7.120000000e-02,3.017218159e-03,-1.338372049e+00
7.140000000e-02,3.017352582e-03,-2.031818146e+00
7.160000000e-02,3.017474731e-03,-2.679149060e+00
7.180000000e-02,3.017589565e-03,-3.265672640e+00
7.200000000e-02,3.017687601e-03,-3.778076846e+00
7.220000000e-02,3.017764761e-03,-4.204731891e+00
7.240000000e-02,3.017831105e-03,-4.535954195e+00
7.260000000e-02,3.017874048e-03,-4.764226167e+00
7.280000000e-02,3.017898704e-03,-4.884366829e+00
7.300000000e-02,3.017901292e-03,-4.893649408e+00
7.320000000e-02,3.017879921e-03,-4.791863222e+00
7.340000000e-02,3.017843658e-03,-4.581318462e+00
7.360000000e-02,3.017779375e-03,-4.266793759e+00
7.380000000e-02,3.017703702e-03,-3.855427727e+00
7.400000000e-02,3.017605760e-03,-3.356556938e+00
7.420000000e-02,3.017491964e-03,-2.781504020e+00
7.440000000e-02,3.017367676e-03,-2.143320667e+00
7.460000000e-02,3.017243342e-03,-1.456491413e+00
7.480000000e-02,3.017100768e-03,-7.366048868e-01
7.500000000e-02,3.016955280e-03,-4.564893388e-14
7.520000000e-02,3.016816177e-03,7.366048868e-01
7.540000000e-02,3.016674517e-03,1.456491413e+00
7.560000000e-02,3.016543194e-03,2.143320667e+00
7.580000000e-02,3.016423091e-03,2.781504020e+00
7.600000000e-02,3.016308349e-03,3.356556938e+00
7.620000000e-02,3.016219178e-03,3.855427727e+00
7.640000000e-02,3.016131154e-03,4.266793759e+00
7.660000000e-02,3.016076945e-03,4.581318462e+00
7.680000000e-02,3.016032065e-03,4.791863222e+00
7.700000000e-02,3.016015313e-03,4.893649408e+00
7.720000000e-02,3.016017529e-03,4.884366829e+00
7.740000000e-02,3.016042619e-03,4.764226167e+00
7.760000000e-02,3.016082632e-03,4.535954195e+00
7.780000000e-02,3.016149286e-03,4.204731891e+00
7.800000000e-02,3.016232289e-03,3.778076846e+00
7.820000000e-02,3.016328527e-03,3.265672640e+00
7.840000000e-02,3.016442369e-03,2.679149060e+00
7.860000000e-02,3.016568253e-03,2.031818146e+00
7.880000000e-02,3.016697608e-03,1.338372049e+00
7.900000000e-02,3.016839098e-03,6.145495775e-01
7.920000000e-02,3.016980479e-03,-1.232210252e-01
7.940000000e-02,3.017123316e-03,-8.581949406e-01
7.960000000e-02,3.017260002e-03,-1.573690826e+00
7.980000000e-02,3.017392053e-03,-2.253469420e+00
8.000000000e-02,3.017514946e-03,-2.882102122e+00
8.020000000e-02,3.017628014e-03,-3.445321163e+00
8.040000000e-02,3.017715682e-03,-3.930343436e+00
8.060000000e-02,3.017789123e-03,-4.326160628e+00
8.080000000e-02,3.017849144e-03,-4.623789069e+00
8.100000000e-02,3.017889297e-03,-4.816473634e+00
8.120000000e-02,3.017903027e-03,-4.899841053e+00
8.140000000e-02,3.017897758e-03,-4.871999179e+00
8.160000000e-02,3.017870034e-03,-4.733579924e+00
8.180000000e-02,3.017823651e-03,-4.487724923e+00
8.200000000e-02,3.017761677e-03,-4.140014225e+00
8.220000000e-02,3.017674056e-03,-3.698339651e+00
8.240000000e-02,3.017565560e-03,-3.172725673e+00
8.260000000e-02,3.017454042e-03,-2.575101892e+00
8.280000000e-02,3.017333552e-03,-1.919032285e+00
8.300000000e-02,3.017191659e-03,-1.219407341e+00
8.320000000e-02,3.017054059e-03,-4.921061055e-01
8.340000000e-02,3.016914554e-03,2.463642214e-01
8.360000000e-02,3.016767764e-03,9.792429402e-01
8.380000000e-02,3.016631373e-03,1.689896261e+00
8.400000000e-02,3.016503211e-03,2.362194834e+00
8.420000000e-02,3.016384363e-03,2.980879827e+00
8.440000000e-02,3.016276843e-03,3.531909249e+00
8.460000000e-02,3.016186619e-03,4.002776657e+00
8.480000000e-02,3.016111008e-03,4.382795001e+00
8.500000000e-02,3.016056194e-03,4.663339193e+00
8.520000000e-02,3.016029369e-03,4.838041857e+00
8.540000000e-02,3.016012198e-03,4.902937854e+00
8.560000000e-02,3.016021620e-03,4.856554270e+00
8.580000000e-02,3.016048926e-03,4.699943851e+00
8.600000000e-02,3.016100702e-03,4.436661107e+00
8.620000000e-02,3.016170269e-03,4.072681637e+00
8.640000000e-02,3.016262818e-03,3.616266506e+00
8.660000000e-02,3.016365255e-03,3.077774744e+00
8.680000000e-02,3.016485436e-03,2.469428235e+00
8.700000000e-02,3.016611428e-03,1.805034322e+00
8.720000000e-02,3.016745092e-03,1.099672429e+00
8.740000000e-02,3.016884597e-03,3.693518087e-01
8.760000000e-02,3.017031031e-03,-3.693518087e-01
8.780000000e-02,3.017171590e-03,-1.099672429e+00
8.800000000e-02,3.017306075e-03,-1.805034322e+00
8.820000000e-02,3.017436840e-03,-2.469428235e+00
8.840000000e-02,3.017550574e-03,-3.077774744e+00
8.860000000e-02,3.017656746e-03,-3.616266506e+00
8.880000000e-02,3.017741701e-03,-4.072681637e+00
8.900000000e-02,3.017815809e-03,-4.436661107e+00
8.920000000e-02,3.017868577e-03,-4.699943851e+00
8.940000000e-02,3.017899696e-03,-4.856554270e+00
8.960000000e-02,3.017904655e-03,-4.902937854e+00
8.980000000e-02,3.017889793e-03,-4.838041857e+00
9.000000000e-02,3.017857977e-03,-4.663339193e+00
9.020000000e-02,3.017806588e-03,-4.382795001e+00
9.040000000e-02,3.017728606e-03,-4.002776657e+00
9.060000000e-02,3.017640257e-03,-3.531909249e+00
9.080000000e-02,3.017532381e-03,-2.980879827e+00
9.100000000e-02,3.017416260e-03,-2.362194834e+00
9.120000000e-02,3.017284022e-03,-1.689896261e+00
9.140000000e-02,3.017143292e-03,-9.792429402e-01
9.160000000e-02,3.017007831e-03,-2.463642214e-01
9.180000000e-02,3.016865877e-03,4.921061055e-01
9.200000000e-02,3.016720033e-03,1.219407341e+00
9.220000000e-02,3.016588027e-03,1.919032285e+00
9.240000000e-02,3.016462159e-03,2.575101892e+00
9.260000000e-02,3.016348518e-03,3.172725673e+00
9.280000000e-02,3.016245400e-03,3.698339651e+00
9.300000000e-02,3.016159297e-03,4.140014225e+00
9.320000000e-02,3.016091838e-03,4.487724923e+00
9.340000000e-02,3.016044897e-03,4.733579924e+00
9.360000000e-02,3.016020442e-03,4.871999179e+00
9.380000000e-02,3.016018877e-03,4.899841053e+00
9.400000000e-02,3.016030531e-03,4.816473634e+00
9.420000000e-02,3.016069041e-03,4.623789069e+00
9.440000000e-02,3.016122305e-03,4.326160628e+00
9.460000000e-02,3.016198583e-03,3.930343436e+00
9.480000000e-02,3.016292759e-03,3.445321163e+00
9.500000000e-02,3.016397784e-03,2.882102122e+00
9.520000000e-02,3.016525264e-03,2.253469420e+00
9.540000000e-02,3.016655936e-03,1.573690826e+00
9.560000000e-02,3.016790343e-03,8.581949406e-01
9.580000000e-02,3.016934653e-03,1.232210252e-01
9.600000000e-02,3.017077879e-03,-6.145495775e-01
9.620000000e-02,3.017218965e-03,-1.338372049e+00
9.640000000e-02,3.017345949e-03,-2.031818146e+00
9.660000000e-02,3.017478853e-03,-2.679149060e+00
9.680000000e-02,3.017587938e-03,-3.265672640e+00
9.700000000e-02,3.017685865e-03,-3.778076846e+00
9.720000000e-02,3.017767148e-03,-4.204731891e+00
9.740000000e-02,3.017833677e-03,-4.535954195e+00
9.760000000e-02,3.017877008e-03,-4.764226167e+00
9.780000000e-02,3.017897510e-03,-4.884366829e+00
9.800000000e-02,3.017902315e-03,-4.893649408e+00
9.820000000e-02,3.017886135e-03,-4.791863222e+00
9.840000000e-02,3.017841039e-03,-4.581318462e+00
9.860000000e-02,3.017783095e-03,-4.266793759e+00
9.880000000e-02,3.017703702e-03,-3.855427727e+00
9.900000000e-02,3.017606488e-03,-3.356556938e+00
9.920000000e-02,3.017495993e-03,-2.781504020e+00
9.940000000e-02,3.017371101e-03,-2.143320667e+00
9.960000000e-02,3.017237779e-03,-1.456491413e+00
9.980000000e-02,3.017099311e-03,-7.366048868e-01
1.000000000e-01,3.016953823e-03,-1.441161904e-14
1.002000000e-01,3.016813341e-03,7.366048868e-01
1.004000000e-01,3.016674579e-03,1.456491413e+00
1.006000000e-01,3.016543504e-03,2.143320667e+00
1.008000000e-01,3.016419666e-03,2.781504020e+00
1.010000000e-01,3.016307574e-03,3.356556938e+00
1.012000000e-01,3.016216978e-03,3.855427727e+00
1.014000000e-01,3.016139755e-03,4.266793759e+00
1.016000000e-01,3.016078278e-03,4.581318462e+00
1.018000000e-01,3.016031647e-03,4.791863222e+00
1.020000000e-01,3.016015018e-03,4.893649408e+00
1.022000000e-01,3.016014755e-03,4.884366829e+00
1.024000000e-01,3.016036017e-03,4.764226167e+00
1.026000000e-01,3.016083981e-03,4.535954195e+00
1.028000000e-01,3.016147256e-03,4.204731891e+00
1.030000000e-01,3.016228260e-03,3.778076846e+00
1.032000000e-01,3.016328775e-03,3.265672640e+00
1.034000000e-01,3.016439316e-03,2.679149060e+00
1.036000000e-01,3.016569989e-03,2.031818146e+00
1.038000000e-01,3.016699545e-03,1.338372049e+00
1.040000000e-01,3.016841531e-03,6.145495775e-01
1.042000000e-01,3.016979068e-03,-1.232210252e-01
1.044000000e-01,3.017122247e-03,-8.581949406e-01
1.046000000e-01,3.017263799e-03,-1.573690826e+00
1.048000000e-01,3.017391325e-03,-2.253469420e+00
1.050000000e-01,3.017514621e-03,-2.882102122e+00
1.052000000e-01,3.017624388e-03,-3.445321163e+00
1.054000000e-01,3.017715790e-03,-3.930343436e+00
1.056000000e-01,3.017792780e-03,-4.326160628e+00
1.058000000e-01,3.017848679e-03,-4.623789069e+00
1.060000000e-01,3.017886244e-03,-4.816473634e+00
1.062000000e-01,3.017905089e-03,-4.899841053e+00
1.064000000e-01,3.017899184e-03,-4.871999179e+00
1.066000000e-01,3.017872296e-03,-4.733579924e+00
1.068000000e-01,3.017829555e-03,-4.487724923e+00
1.070000000e-01,3.017759601e-03,-4.140014225e+00
1.072000000e-01,3.017673297e-03,-3.698339651e+00
1.074000000e-01,3.017570240e-03,-3.172725673e+00
1.076000000e-01,3.017452214e-03,-2.575101892e+00
1.078000000e-01,3.017326888e-03,-1.919032285e+00
1.080000000e-01,3.017193379e-03,-1.219407341e+00
1.082000000e-01,3.017052432e-03,-4.921061055e-01
1.084000000e-01,3.016913174e-03,2.463642214e-01
1.086000000e-01,3.016769918e-03,9.792429402e-01
1.088000000e-01,3.016630815e-03,1.689896261e+00
1.090000000e-01,3.016500515e-03,2.362194834e+00
1.092000000e-01,3.016387664e-03,2.980879827e+00
1.094000000e-01,3.016277618e-03,3.531909249e+00
1.096000000e-01,3.016184604e-03,4.002776657e+00
1.098000000e-01,3.016114526e-03,4.382795001e+00
1.100000000e-01,3.016061618e-03,4.663339193e+00
1.102000000e-01,3.016021961e-03,4.838041857e+00
1.104000000e-01,3.016010415e-03,4.902937854e+00
1.106000000e-01,3.016020644e-03,4.856554270e+00
1.108000000e-01,3.016049515e-03,4.699943851e+00
1.110000000e-01,3.016102872e-03,4.436661107e+00
1.112000000e-01,3.016168595e-03,4.072681637e+00
1.114000000e-01,3.016262199e-03,3.616266506e+00
1.116000000e-01,3.016367161e-03,3.077774744e+00
1.118000000e-01,3.016480756e-03,2.469428235e+00
1.120000000e-01,3.016610483e-03,1.805034322e+00
1.122000000e-01,3.016745463e-03,1.099672429e+00
1.124000000e-01,3.016887464e-03,3.693518087e-01
1.126000000e-01,3.017029558e-03,-3.693518087e-01
1.128000000e-01,3.017170149e-03,-1.099672429e+00
1.130000000e-01,3.017302960e-03,-1.805034322e+00
1.132000000e-01,3.017437042e-03,-2.469428235e+00
1.134000000e-01,3.017552744e-03,-3.077774744e+00
1.136000000e-01,3.017654220e-03,-3.616266506e+00
1.138000000e-01,3.017746304e-03,-4.072681637e+00
1.140000000e-01,3.017813051e-03,-4.436661107e+00
1.142000000e-01,3.017868918e-03,-4.699943851e+00
1.144000000e-01,3.017894845e-03,-4.856554270e+00
1.146000000e-01,3.017904732e-03,-4.902937854e+00
1.148000000e-01,3.017891900e-03,-4.838041857e+00
1.150000000e-01,3.017857466e-03,-4.663339193e+00
1.152000000e-01,3.017801211e-03,-4.382795001e+00
1.154000000e-01,3.017732667e-03,-4.002776657e+00
1.156000000e-01,3.017635701e-03,-3.531909249e+00
1.158000000e-01,3.017533837e-03,-2.980879827e+00
1.160000000e-01,3.017412308e-03,-2.362194834e+00
1.162000000e-01,3.017282969e-03,-1.689896261e+00
1.164000000e-01,3.017146361e-03,-9.792429402e-01
1.166000000e-01,3.017006545e-03,-2.463642214e-01
1.168000000e-01,3.016857245e-03,4.921061055e-01
1.170000000e-01,3.016726015e-03,1.219407341e+00
1.172000000e-01,3.016589794e-03,1.919032285e+00
1.174000000e-01,3.016462453e-03,2.575101892e+00
1.176000000e-01,3.016346581e-03,3.172725673e+00
1.178000000e-01,3.016246531e-03,3.698339651e+00
1.180000000e-01,3.016158584e-03,4.140014225e+00
1.182000000e-01,3.016093635e-03,4.487724923e+00
1.184000000e-01,3.016046431e-03,4.733579924e+00
1.186000000e-01,3.016019915e-03,4.871999179e+00
1.188000000e-01,3.016010013e-03,4.899841053e+00
1.190000000e-01,3.016028795e-03,4.816473634e+00
1.192000000e-01,3.016067275e-03,4.623789069e+00
1.194000000e-01,3.016120616e-03,4.326160628e+00
1.196000000e-01,3.016199869e-03,3.930343436e+00
1.198000000e-01,3.016288885e-03,3.445321163e+00
1.200000000e-01,3.016401503e-03,2.882102122e+00
1.202000000e-01,3.016524225e-03,2.253469420e+00
1.204000000e-01,3.016653193e-03,1.573690826e+00
1.206000000e-01,3.016793009e-03,8.581949407e-01
1.208000000e-01,3.016936126e-03,1.232210252e-01
1.210000000e-01,3.017075151e-03,-6.145495775e-01
1.212000000e-01,3.017216935e-03,-1.338372049e+00
1.214000000e-01,3.017349700e-03,-2.031818146e+00
1.216000000e-01,3.017480093e-03,-2.679149060e+00
1.218000000e-01,3.017587086e-03,-3.265672640e+00
1.220000000e-01,3.017686113e-03,-3.778076846e+00
1.222000000e-01,3.017770464e-03,-4.204731891e+00
1.224000000e-01,3.017832422e-03,-4.535954195e+00
1.226000000e-01,3.017879146e-03,-4.764226167e+00
1.228000000e-01,3.017901090e-03,-4.884366829e+00
1.230000000e-01,3.017900827e-03,-4.893649408e+00
1.232000000e-01,3.017883764e-03,-4.791863222e+00
1.234000000e-01,3.017842418e-03,-4.581318462e+00
1.236000000e-01,3.017778197e-03,-4.266793759e+00
1.238000000e-01,3.017705949e-03,-3.855427727e+00
1.240000000e-01,3.017605868e-03,-3.356556938e+00
1.242000000e-01,3.017493622e-03,-2.781504020e+00
1.244000000e-01,3.017369846e-03,-2.143320667e+00
1.246000000e-01,3.017242072e-03,-1.456491413e+00
1.248000000e-01,3.017099156e-03,-7.366048868e-01
1.250000000e-01,3.016958147e-03,-5.285474340e-14
1.252000000e-01,3.016814442e-03,7.366048868e-01
1.254000000e-01,3.016679817e-03,1.456491413e+00
1.256000000e-01,3.016540730e-03,2.143320667e+00
1.258000000e-01,3.016424687e-03,2.781504020e+00
1.260000000e-01,3.016310302e-03,3.356556938e+00
1.262000000e-01,3.016213119e-03,3.855427727e+00
1.264000000e-01,3.016133525e-03,4.266793759e+00
1.266000000e-01,3.016070297e-03,4.581318462e+00
1.268000000e-01,3.016034080e-03,4.791863222e+00
1.270000000e-01,3.016013065e-03,4.893649408e+00
1.272000000e-01,3.016014925e-03,4.884366829e+00
1.274000000e-01,3.016039581e-03,4.764226167e+00
1.276000000e-01,3.016080370e-03,4.535954195e+00
1.278000000e-01,3.016149100e-03,4.204731891e+00
1.280000000e-01,3.016228911e-03,3.778076846e+00
1.282000000e-01,3.016327736e-03,3.265672640e+00
1.284000000e-01,3.016440138e-03,2.679149060e+00
1.286000000e-01,3.016564689e-03,2.031818146e+00
1.288000000e-01,3.016700289e-03,1.338372049e+00
1.290000000e-01,3.016842290e-03,6.145495775e-01
1.292000000e-01,3.016980029e-03,-1.232210252e-01
1.294000000e-01,3.017118853e-03,-8.581949406e-01
1.296000000e-01,3.017262094e-03,-1.573690826e+00
1.298000000e-01,3.017393278e-03,-2.253469420e+00
1.300000000e-01,3.017513040e-03,-2.882102122e+00
1.302000000e-01,3.017624233e-03,-3.445321163e+00
1.304000000e-01,3.017714891e-03,-3.930343436e+00
1.306000000e-01,3.017793772e-03,-4.326160628e+00
1.308000000e-01,3.017850166e-03,-4.623789069e+00
1.310000000e-01,3.017885128e-03,-4.816473634e+00
1.312000000e-01,3.017903058e-03,-4.899841053e+00
1.314000000e-01,3.017895403e-03,-4.871999179e+00
1.316000000e-01,3.017869724e-03,-4.733579924e+00
1.318000000e-01,3.017823806e-03,-4.487724923e+00
1.320000000e-01,3.017755912e-03,-4.140014225e+00
1.322000000e-01,3.017668911e-03,-3.698339651e+00
1.324000000e-01,3.017576362e-03,-3.172725673e+00
1.326000000e-01,3.017452989e-03,-2.575101892e+00
1.328000000e-01,3.017333474e-03,-1.919032285e+00
1.330000000e-01,3.017195239e-03,-1.219407341e+00
1.332000000e-01,3.017051983e-03,-4.921061055e-01
1.334000000e-01,3.016907409e-03,2.463642214e-01
1.336000000e-01,3.016770987e-03,9.792429402e-01
1.338000000e-01,3.016635294e-03,1.689896261e+00
1.340000000e-01,3.016502188e-03,2.362194834e+00
1.342000000e-01,3.016388051e-03,2.980879827e+00
1.344000000e-01,3.016276115e-03,3.531909249e+00
1.346000000e-01,3.016184775e-03,4.002776657e+00
1.348000000e-01,3.016114929e-03,4.382795001e+00
1.350000000e-01,3.016060781e-03,4.663339193e+00
1.352000000e-01,3.016025370e-03,4.838041857e+00
1.354000000e-01,3.016013298e-03,4.902937854e+00
1.356000000e-01,3.016019884e-03,4.856554270e+00
1.358000000e-01,3.016049422e-03,4.699943851e+00
1.360000000e-01,3.016102887e-03,4.436661107e+00
1.362000000e-01,3.016175027e-03,4.072681637e+00
1.364000000e-01,3.016257038e-03,3.616266506e+00
1.366000000e-01,3.016360823e-03,3.077774744e+00
1.368000000e-01,3.016482615e-03,2.469428235e+00
1.370000000e-01,3.016612048e-03,1.805034322e+00
1.372000000e-01,3.016747432e-03,1.099672429e+00
1.374000000e-01,3.016884985e-03,3.693518087e-01
1.376000000e-01,3.017029853e-03,-3.693518087e-01
1.378000000e-01,3.017173636e-03,-1.099672429e+00
1.380000000e-01,3.017310507e-03,-1.805034322e+00
1.382000000e-01,3.017433911e-03,-2.469428235e+00
1.384000000e-01,3.017552512e-03,-3.077774744e+00
1.386000000e-01,3.017660357e-03,-3.616266506e+00
1.388000000e-01,3.017744197e-03,-4.072681637e+00
1.390000000e-01,3.017816042e-03,-4.436661107e+00
1.392000000e-01,3.017867353e-03,-4.699943851e+00
1.394000000e-01,3.017896085e-03,-4.856554270e+00
1.396000000e-01,3.017906917e-03,-4.902937854e+00
1.398000000e-01,3.017894287e-03,-4.838041857e+00
1.400000000e-01,3.017861448e-03,-4.663339193e+00
1.402000000e-01,3.017804853e-03,-4.382795001e+00
1.404000000e-01,3.017734743e-03,-4.002776657e+00
1.406000000e-01,3.017642225e-03,-3.531909249e+00
1.408000000e-01,3.017530242e-03,-2.980879827e+00
1.410000000e-01,3.017412773e-03,-2.362194834e+00
1.412000000e-01,3.017283790e-03,-1.689896261e+00
1.414000000e-01,3.017146144e-03,-9.792429402e-01
1.416000000e-01,3.017004654e-03,-2.463642214e-01
1.418000000e-01,3.016867427e-03,4.921061055e-01
1.420000000e-01,3.016721567e-03,1.219407341e+00
1.422000000e-01,3.016588322e-03,1.919032285e+00
1.424000000e-01,3.016462887e-03,2.575101892e+00
1.426000000e-01,3.016346472e-03,3.172725673e+00
1.428000000e-01,3.016247383e-03,3.698339651e+00
1.430000000e-01,3.016156709e-03,4.140014225e+00
1.432000000e-01,3.016091078e-03,4.487724923e+00
1.434000000e-01,3.016042805e-03,4.733579924e+00
1.436000000e-01,3.016015561e-03,4.871999179e+00
1.438000000e-01,3.016013096e-03,4.899841053e+00
1.440000000e-01,3.016030794e-03,4.816473634e+00
1.442000000e-01,3.016066484e-03,4.623789069e+00
1.444000000e-01,3.016123576e-03,4.326160628e+00
1.446000000e-01,3.016197560e-03,3.930343436e+00
1.448000000e-01,3.016292170e-03,3.445321163e+00
1.450000000e-01,3.016397691e-03,2.882102122e+00
1.452000000e-01,3.016523667e-03,2.253469420e+00
1.454000000e-01,3.016651457e-03,1.573690826e+00
1.456000000e-01,3.016790560e-03,8.581949406e-01
1.458000000e-01,3.016935552e-03,1.232210252e-01
1.460000000e-01,3.017073834e-03,-6.145495775e-01
1.462000000e-01,3.017217787e-03,-1.338372049e+00
1.464000000e-01,3.017353047e-03,-2.031818146e+00
1.466000000e-01,3.017475893e-03,-2.679149060e+00
1.468000000e-01,3.017588465e-03,-3.265672640e+00
1.470000000e-01,3.017687942e-03,-3.778076846e+00
1.472000000e-01,3.017766667e-03,-4.204731891e+00
1.474000000e-01,3.017833383e-03,-4.535954195e+00
1.476000000e-01,3.017874032e-03,-4.764226167e+00
1.478000000e-01,3.017900548e-03,-4.884366829e+00
1.480000000e-01,3.017902950e-03,-4.893649408e+00
1.482000000e-01,3.017882385e-03,-4.791863222e+00
1.484000000e-01,3.017843472e-03,-4.581318462e+00
1.486000000e-01,3.017782769e-03,-4.266793759e+00
1.488000000e-01,3.017702447e-03,-3.855427727e+00
1.490000000e-01,3.017606085e-03,-3.356556938e+00
1.492000000e-01,3.017496985e-03,-2.781504020e+00
1.494000000e-01,3.017373550e-03,-2.143320667e+00
1.496000000e-01,3.017240351e-03,-1.456491413e+00
1.498000000e-01,3.017100086e-03,-7.366048868e-01
1.500000000e-01,3.016957217e-03,-9.129786776e-14
1.502000000e-01,3.016816844e-03,7.366048868e-01
1.504000000e-01,3.016679197e-03,1.456491413e+00
1.506000000e-01,3.016549052e-03,2.143320667e+00
1.508000000e-01,3.016423896e-03,2.781504020e+00
1.510000000e-01,3.016309403e-03,3.356556938e+00
1.512000000e-01,3.016216296e-03,3.855427727e+00
1.514000000e-01,3.016133479e-03,4.266793759e+00
1.516000000e-01,3.016073551e-03,4.581318462e+00
1.518000000e-01,3.016035350e-03,4.791863222e+00
1.520000000e-01,3.016012508e-03,4.893649408e+00
1.522000000e-01,3.016013546e-03,4.884366829e+00
1.524000000e-01,3.016038434e-03,4.764226167e+00
1.526000000e-01,3.016085019e-03,4.535954195e+00
1.528000000e-01,3.016146620e-03,4.204731891e+00
1.530000000e-01,3.016229592e-03,3.778076846e+00
1.532000000e-01,3.016327147e-03,3.265672640e+00
1.534000000e-01,3.016444926e-03,2.679149060e+00
1.536000000e-01,3.016564425e-03,2.031818146e+00
1.538000000e-01,3.016699917e-03,1.338372049e+00
1.540000000e-01,3.016840895e-03,6.145495775e-01
1.542000000e-01,3.016976837e-03,-1.232210252e-01
1.544000000e-01,3.017125610e-03,-8.581949406e-01
1.546000000e-01,3.017258406e-03,-1.573690826e+00
1.548000000e-01,3.017395153e-03,-2.253469420e+00
1.550000000e-01,3.017512901e-03,-2.882102122e+00
1.552000000e-01,3.017621350e-03,-3.445321163e+00
1.554000000e-01,3.017720160e-03,-3.930343436e+00
1.556000000e-01,3.017792563e-03,-4.326160628e+00
1.558000000e-01,3.017846804e-03,-4.623789069e+00
1.560000000e-01,3.017886957e-03,-4.816473634e+00
1.562000000e-01,3.017901943e-03,-4.899841053e+00
1.564000000e-01,3.017897076e-03,-4.871999179e+00
1.566000000e-01,3.017871816e-03,-4.733579924e+00
1.568000000e-01,3.017821419e-03,-4.487724923e+00
1.570000000e-01,3.017755773e-03,-4.140014225e+00
1.572000000e-01,3.017673886e-03,-3.698339651e+00
1.574000000e-01,3.017570287e-03,-3.172725673e+00
1.576000000e-01,3.017454523e-03,-2.575101892e+00
1.578000000e-01,3.017332219e-03,-1.919032285e+00
1.580000000e-01,3.017192697e-03,-1.219407341e+00
1.582000000e-01,3.017053099e-03,-4.921061055e-01
1.584000000e-01,3.016906913e-03,2.463642214e-01
1.586000000e-01,3.016768492e-03,9.792429402e-01
1.588000000e-01,3.016631311e-03,1.689896261e+00
1.590000000e-01,3.016502405e-03,2.362194834e+00
1.592000000e-01,3.016385060e-03,2.980879827e+00
1.594000000e-01,3.016279679e-03,3.531909249e+00
1.596000000e-01,3.016185720e-03,4.002776657e+00
1.598000000e-01,3.016112790e-03,4.382795001e+00
1.600000000e-01,3.016055512e-03,4.663339193e+00
1.602000000e-01,3.016027338e-03,4.838041857e+00
1.604000000e-01,3.016015979e-03,4.902937854e+00
1.606000000e-01,3.016019497e-03,4.856554270e+00
1.608000000e-01,3.016047919e-03,4.699943851e+00
1.610000000e-01,3.016103244e-03,4.436661107e+00
1.612000000e-01,3.016176251e-03,4.072681637e+00
1.614000000e-01,3.016267669e-03,3.616266506e+00
1.616000000e-01,3.016365271e-03,3.077774744e+00
1.618000000e-01,3.016482290e-03,2.469428235e+00
1.620000000e-01,3.016609135e-03,1.805034322e+00
1.622000000e-01,3.016745216e-03,1.099672429e+00
1.624000000e-01,3.016885698e-03,3.693518087e-01
1.626000000e-01,3.017030442e-03,-3.693518087e-01
1.628000000e-01,3.017167375e-03,-1.099672429e+00
1.630000000e-01,3.017306664e-03,-1.805034322e+00
1.632000000e-01,3.017432021e-03,-2.469428235e+00
1.634000000e-01,3.017555704e-03,-3.077774744e+00
1.636000000e-01,3.017657846e-03,-3.616266506e+00
1.638000000e-01,3.017747311e-03,-4.072681637e+00
1.640000000e-01,3.017813825e-03,-4.436661107e+00
1.642000000e-01,3.017864734e-03,-4.699943851e+00
1.644000000e-01,3.017893714e-03,-4.856554270e+00
1.646000000e-01,3.017902826e-03,-4.902937854e+00
1.648000000e-01,3.017889390e-03,-4.838041857e+00
1.650000000e-01,3.017853746e-03,-4.663339193e+00
1.652000000e-01,3.017802683e-03,-4.382795001e+00
1.654000000e-01,3.017727800e-03,-4.002776657e+00
1.656000000e-01,3.017642302e-03,-3.531909249e+00
1.658000000e-01,3.017535821e-03,-2.980879827e+00
1.660000000e-01,3.017416834e-03,-2.362194834e+00
1.662000000e-01,3.017281109e-03,-1.689896261e+00
1.664000000e-01,3.017145787e-03,-9.792429402e-01
1.666000000e-01,3.017003027e-03,-2.463642214e-01
1.668000000e-01,3.016861352e-03,4.921061055e-01
1.670000000e-01,3.016721427e-03,1.219407341e+00
1.672000000e-01,3.016588725e-03,1.919032285e+00
1.674000000e-01,3.016460082e-03,2.575101892e+00
1.676000000e-01,3.016344024e-03,3.172725673e+00
1.678000000e-01,3.016245136e-03,3.698339651e+00
1.680000000e-01,3.016160118e-03,4.140014225e+00
1.682000000e-01,3.016093233e-03,4.487724923e+00
1.684000000e-01,3.016044292e-03,4.733579924e+00
1.686000000e-01,3.016016242e-03,4.871999179e+00
1.688000000e-01,3.016009749e-03,4.899841053e+00
1.690000000e-01,3.016028981e-03,4.816473634e+00
1.692000000e-01,3.016063927e-03,4.623789069e+00
1.694000000e-01,3.016123235e-03,4.326160628e+00
1.696000000e-01,3.016199388e-03,3.930343436e+00
1.698000000e-01,3.016294836e-03,3.445321163e+00
1.700000000e-01,3.016400403e-03,2.882102122e+00
1.702000000e-01,3.016524535e-03,2.253469420e+00
1.704000000e-01,3.016654541e-03,1.573690826e+00
1.706000000e-01,3.016792529e-03,8.581949407e-01
1.708000000e-01,3.016934142e-03,1.232210252e-01
1.710000000e-01,3.017077243e-03,-6.145495775e-01
1.712000000e-01,3.017216672e-03,-1.338372049e+00
1.714000000e-01,3.017354442e-03,-2.031818146e+00
1.716000000e-01,3.017473553e-03,-2.679149060e+00
1.718000000e-01,3.017591936e-03,-3.265672640e+00
1.720000000e-01,3.017685338e-03,-3.778076846e+00
1.722000000e-01,3.017769287e-03,-4.204731891e+00
1.724000000e-01,3.017832314e-03,-4.535954195e+00
1.726000000e-01,3.017877132e-03,-4.764226167e+00
1.728000000e-01,3.017901416e-03,-4.884366829e+00
1.730000000e-01,3.017902377e-03,-4.893649408e+00
1.732000000e-01,3.017884276e-03,-4.791863222e+00
1.734000000e-01,3.017840806e-03,-4.581318462e+00
1.736000000e-01,3.017781591e-03,-4.266793759e+00
1.738000000e-01,3.017700184e-03,-3.855427727e+00
1.740000000e-01,3.017602196e-03,-3.356556938e+00
1.742000000e-01,3.017493452e-03,-2.781504020e+00
1.744000000e-01,3.017368932e-03,-2.143320667e+00
1.746000000e-01,3.017238476e-03,-1.456491413e+00
1.748000000e-01,3.017100783e-03,-7.366048868e-01
1.750000000e-01,3.016954381e-03,-1.297409921e-13
1.752000000e-01,3.016816472e-03,7.366048868e-01
1.754000000e-01,3.016677446e-03,1.456491413e+00
1.756000000e-01,3.016542404e-03,2.143320667e+00
1.758000000e-01,3.016421742e-03,2.781504020e+00
1.760000000e-01,3.016309124e-03,3.356556938e+00
1.762000000e-01,3.016216032e-03,3.855427727e+00
1.764000000e-01,3.016136981e-03,4.266793759e+00
1.766000000e-01,3.016073877e-03,4.581318462e+00
1.768000000e-01,3.016034219e-03,4.791863222e+00
1.770000000e-01,3.016016087e-03,4.893649408e+00
1.772000000e-01,3.016015592e-03,4.884366829e+00
1.774000000e-01,3.016041565e-03,4.764226167e+00
1.776000000e-01,3.016084492e-03,4.535954195e+00
1.778000000e-01,3.016145582e-03,4.204731891e+00
1.780000000e-01,3.016233513e-03,3.778076846e+00
1.782000000e-01,3.016330293e-03,3.265672640e+00
1.784000000e-01,3.016444740e-03,2.679149060e+00
1.786000000e-01,3.016568315e-03,2.031818146e+00
1.788000000e-01,3.016701699e-03,1.338372049e+00
1.790000000e-01,3.016839454e-03,6.145495775e-01
1.792000000e-01,3.016982571e-03,-1.232210252e-01
1.794000000e-01,3.017125409e-03,-8.581949406e-01
1.796000000e-01,3.017257584e-03,-1.573690826e+00
1.798000000e-01,3.017392549e-03,-2.253469420e+00
1.800000000e-01,3.017513986e-03,-2.882102122e+00
1.802000000e-01,3.017624341e-03,-3.445321163e+00
1.804000000e-01,3.017718487e-03,-3.930343436e+00
1.806000000e-01,3.017794020e-03,-4.326160628e+00
1.808000000e-01,3.017846261e-03,-4.623789069e+00
1.810000000e-01,3.017885593e-03,-4.816473634e+00
1.812000000e-01,3.017901214e-03,-4.899841053e+00
1.814000000e-01,3.017900501e-03,-4.871999179e+00
1.816000000e-01,3.017875101e-03,-4.733579924e+00
1.818000000e-01,3.017827107e-03,-4.487724923e+00
1.820000000e-01,3.017754068e-03,-4.140014225e+00
1.822000000e-01,3.017668446e-03,-3.698339651e+00
1.824000000e-01,3.017570628e-03,-3.172725673e+00
1.826000000e-01,3.017455484e-03,-2.575101892e+00
1.828000000e-01,3.017330173e-03,-1.919032285e+00
1.830000000e-01,3.017194433e-03,-1.219407341e+00
1.832000000e-01,3.017054028e-03,-4.921061055e-01
1.834000000e-01,3.016911284e-03,2.463642214e-01
1.836000000e-01,3.016767748e-03,9.792429402e-01
1.838000000e-01,3.016629947e-03,1.689896261e+00
1.840000000e-01,3.016503475e-03,2.362194834e+00
1.842000000e-01,3.016388067e-03,2.980879827e+00
1.844000000e-01,3.016275743e-03,3.531909249e+00
1.846000000e-01,3.016184093e-03,4.002776657e+00
1.848000000e-01,3.016112821e-03,4.382795001e+00
1.850000000e-01,3.016061432e-03,4.663339193e+00
1.852000000e-01,3.016021899e-03,4.838041857e+00
1.854000000e-01,3.016012012e-03,4.902937854e+00
1.856000000e-01,3.016024285e-03,4.856554270e+00
1.858000000e-01,3.016049840e-03,4.699943851e+00
1.860000000e-01,3.016103089e-03,4.436661107e+00
1.862000000e-01,3.016174686e-03,4.072681637e+00
1.864000000e-01,3.016258045e-03,3.616266506e+00
1.866000000e-01,3.016365240e-03,3.077774744e+00
1.868000000e-01,3.016480663e-03,2.469428235e+00
1.870000000e-01,3.016610715e-03,1.805034322e+00
1.872000000e-01,3.016747215e-03,1.099672429e+00
1.874000000e-01,3.016888255e-03,3.693518087e-01
1.876000000e-01,3.017027544e-03,-3.693518087e-01
1.878000000e-01,3.017167266e-03,-1.099672429e+00
1.880000000e-01,3.017307516e-03,-1.805034322e+00
1.882000000e-01,3.017436964e-03,-2.469428235e+00
1.884000000e-01,3.017550435e-03,-3.077774744e+00
1.886000000e-01,3.017655971e-03,-3.616266506e+00
1.888000000e-01,3.017746661e-03,-4.072681637e+00
1.890000000e-01,3.017815019e-03,-4.436661107e+00
1.892000000e-01,3.017867430e-03,-4.699943851e+00
1.894000000e-01,3.017894969e-03,-4.856554270e+00
1.896000000e-01,3.017904298e-03,-4.902937854e+00
1.898000000e-01,3.017887329e-03,-4.838041857e+00
1.900000000e-01,3.017860209e-03,-4.663339193e+00
1.902000000e-01,3.017803241e-03,-4.382795001e+00
1.904000000e-01,3.017732682e-03,-4.002776657e+00
1.906000000e-01,3.017642519e-03,-3.531909249e+00
1.908000000e-01,3.017532799e-03,-2.980879827e+00
1.910000000e-01,3.017412572e-03,-2.362194834e+00
1.912000000e-01,3.017285665e-03,-1.689896261e+00
1.914000000e-01,3.017147244e-03,-9.792429402e-01
1.916000000e-01,3.017010621e-03,-2.463642214e-01
1.918000000e-01,3.016863413e-03,4.921061055e-01
1.920000000e-01,3.016722838e-03,1.219407341e+00
1.922000000e-01,3.016585005e-03,1.919032285e+00
1.924000000e-01,3.016463941e-03,2.575101892e+00
1.926000000e-01,3.016347433e-03,3.172725673e+00
1.928000000e-01,3.016243710e-03,3.698339651e+00
1.930000000e-01,3.016155996e-03,4.140014225e+00
1.932000000e-01,3.016090226e-03,4.487724923e+00
1.934000000e-01,3.016045734e-03,4.733579924e+00
1.936000000e-01,3.016018056e-03,4.871999179e+00
1.938000000e-01,3.016014522e-03,4.899841053e+00
1.940000000e-01,3.016030887e-03,4.816473634e+00
1.942000000e-01,3.016064842e-03,4.623789069e+00
1.944000000e-01,3.016126288e-03,4.326160628e+00
1.946000000e-01,3.016198908e-03,3.930343436e+00
1.948000000e-01,3.016294138e-03,3.445321163e+00
1.950000000e-01,3.016398899e-03,2.882102122e+00
1.952000000e-01,3.016523327e-03,2.253469420e+00
1.954000000e-01,3.016657300e-03,1.573690826e+00
1.956000000e-01,3.016799022e-03,8.581949407e-01
1.958000000e-01,3.016938822e-03,1.232210252e-01
1.960000000e-01,3.017076515e-03,-6.145495775e-01
1.962000000e-01,3.017216904e-03,-1.338372049e+00
1.964000000e-01,3.017358471e-03,-2.031818146e+00
1.966000000e-01,3.017474964e-03,-2.679149060e+00
1.968000000e-01,3.017591673e-03,-3.265672640e+00
1.970000000e-01,3.017681712e-03,-3.778076846e+00
1.972000000e-01,3.017768961e-03,-4.204731891e+00
1.974000000e-01,3.017832484e-03,-4.535954195e+00
1.976000000e-01,3.017874714e-03,-4.764226167e+00
1.978000000e-01,3.017901741e-03,-4.884366829e+00
1.980000000e-01,3.017905058e-03,-4.893649408e+00
1.982000000e-01,3.017881858e-03,-4.791863222e+00
1.984000000e-01,3.017843332e-03,-4.581318462e+00
1.986000000e-01,3.017779871e-03,-4.266793759e+00
1.988000000e-01,3.017707933e-03,-3.855427727e+00
1.990000000e-01,3.017604691e-03,-3.356556938e+00
1.992000000e-01,3.017494753e-03,-2.781504020e+00
1.994000000e-01,3.017373829e-03,-2.143320667e+00
1.996000000e-01,3.017240026e-03,-1.456491413e+00
1.998000000e-01,3.017101140e-03,-7.366048868e-01
2.000000000e-01,3.016961836e-03,-2.882323808e-14
2.002000000e-01,3.016815557e-03,7.366048868e-01
2.004000000e-01,3.016678562e-03,1.456491413e+00
2.006000000e-01,3.016543736e-03,2.143320667e+00
2.008000000e-01,3.016420890e-03,2.781504020e+00
2.010000000e-01,3.016312828e-03,3.356556938e+00
2.012000000e-01,3.016216389e-03,3.855427727e+00
2.014000000e-01,3.016136671e-03,4.266793759e+00
2.016000000e-01,3.016076325e-03,4.581318462e+00
2.018000000e-01,3.016032669e-03,4.791863222e+00
2.020000000e-01,3.016013313e-03,4.893649408e+00
2.022000000e-01,3.016013189e-03,4.884366829e+00
2.024000000e-01,3.016038202e-03,4.764226167e+00
2.026000000e-01,3.016082477e-03,4.535954195e+00
2.028000000e-01,3.016144156e-03,4.204731891e+00
2.030000000e-01,3.016228182e-03,3.778076846e+00
2.032000000e-01,3.016328713e-03,3.265672640e+00
2.034000000e-01,3.016435938e-03,2.679149060e+00
2.036000000e-01,3.016566037e-03,2.031818146e+00
2.038000000e-01,3.016699917e-03,1.338372049e+00
2.040000000e-01,3.016839532e-03,6.145495775e-01
2.042000000e-01,3.016986662e-03,-1.232210252e-01
2.044000000e-01,3.017124789e-03,-8.581949406e-01
2.046000000e-01,3.017263489e-03,-1.573690826e+00
2.048000000e-01,3.017396935e-03,-2.253469420e+00
2.050000000e-01,3.017514466e-03,-2.882102122e+00
2.052000000e-01,3.017627720e-03,-3.445321163e+00
2.054000000e-01,3.017715263e-03,-3.930343436e+00
2.056000000e-01,3.017795539e-03,-4.326160628e+00
2.058000000e-01,3.017848710e-03,-4.623789069e+00
2.060000000e-01,3.017889064e-03,-4.816473634e+00
2.062000000e-01,3.017904810e-03,-4.899841053e+00
2.064000000e-01,3.017900765e-03,-4.871999179e+00
2.066000000e-01,3.017870235e-03,-4.733579924e+00
2.068000000e-01,3.017824364e-03,-4.487724923e+00
2.070000000e-01,3.017760484e-03,-4.140014225e+00
2.072000000e-01,3.017670244e-03,-3.698339651e+00
2.074000000e-01,3.017570209e-03,-3.172725673e+00
2.076000000e-01,3.017453639e-03,-2.575101892e+00
2.078000000e-01,3.017329801e-03,-1.919032285e+00
2.080000000e-01,3.017188839e-03,-1.219407341e+00
2.082000000e-01,3.017054927e-03,-4.921061055e-01
2.084000000e-01,3.016912027e-03,2.463642214e-01
2.086000000e-01,3.016766819e-03,9.792429402e-01
2.088000000e-01,3.016631900e-03,1.689896261e+00
2.090000000e-01,3.016502731e-03,2.362194834e+00
2.092000000e-01,3.016380427e-03,2.980879827e+00
2.094000000e-01,3.016277308e-03,3.531909249e+00
2.096000000e-01,3.016188494e-03,4.002776657e+00
2.098000000e-01,3.016110667e-03,4.382795001e+00
2.100000000e-01,3.016058906e-03,4.663339193e+00
2.102000000e-01,3.016023340e-03,4.838041857e+00
2.104000000e-01,3.016014491e-03,4.902937854e+00
2.106000000e-01,3.016021418e-03,4.856554270e+00
2.108000000e-01,3.016051437e-03,4.699943851e+00
2.110000000e-01,3.016104824e-03,4.436661107e+00
2.112000000e-01,3.016172098e-03,4.072681637e+00
2.114000000e-01,3.016258665e-03,3.616266506e+00
2.116000000e-01,3.016361458e-03,3.077774744e+00
2.118000000e-01,3.016480229e-03,2.469428235e+00
2.120000000e-01,3.016612110e-03,1.805034322e+00
2.122000000e-01,3.016744921e-03,1.099672429e+00
2.124000000e-01,3.016888146e-03,3.693518087e-01
2.126000000e-01,3.017028381e-03,-3.693518087e-01
2.128000000e-01,3.017168599e-03,-1.099672429e+00
2.130000000e-01,3.017308369e-03,-1.805034322e+00
2.132000000e-01,3.017432610e-03,-2.469428235e+00
2.134000000e-01,3.017550373e-03,-3.077774744e+00
2.136000000e-01,3.017653026e-03,-3.616266506e+00
2.138000000e-01,3.017744847e-03,-4.072681637e+00
2.140000000e-01,3.017817095e-03,-4.436661107e+00
2.142000000e-01,3.017863959e-03,-4.699943851e+00
2.144000000e-01,3.017892365e-03,-4.856554270e+00
2.146000000e-01,3.017904562e-03,-4.902937854e+00
2.148000000e-01,3.017889018e-03,-4.838041857e+00
2.150000000e-01,3.017858736e-03,-4.663339193e+00
2.152000000e-01,3.017804310e-03,-4.382795001e+00
2.154000000e-01,3.017730280e-03,-4.002776657e+00
2.156000000e-01,3.017635189e-03,-3.531909249e+00
2.158000000e-01,3.017535914e-03,-2.980879827e+00
2.160000000e-01,3.017414865e-03,-2.362194834e+00
2.162000000e-01,3.017282101e-03,-1.689896261e+00
2.164000000e-01,3.017144393e-03,-9.792429402e-01
2.166000000e-01,3.017005336e-03,-2.463642214e-01
2.168000000e-01,3.016862204e-03,4.921061055e-01
2.170000000e-01,3.016722187e-03,1.219407341e+00
2.172000000e-01,3.016590600e-03,1.919032285e+00
2.174000000e-01,3.016460826e-03,2.575101892e+00
2.176000000e-01,3.016342769e-03,3.172725673e+00
2.178000000e-01,3.016243896e-03,3.698339651e+00
2.180000000e-01,3.016156058e-03,4.140014225e+00
2.182000000e-01,3.016093295e-03,4.487724923e+00
2.184000000e-01,3.016043455e-03,4.733579924e+00
2.186000000e-01,3.016014042e-03,4.871999179e+00
2.188000000e-01,3.016013763e-03,4.899841053e+00
2.190000000e-01,3.016027834e-03,4.816473634e+00
2.192000000e-01,3.016062161e-03,4.623789069e+00
2.194000000e-01,3.016123065e-03,4.326160628e+00
2.196000000e-01,3.016196521e-03,3.930343436e+00
2.198000000e-01,3.016296556e-03,3.445321163e+00
2.200000000e-01,3.016402293e-03,2.882102122e+00
2.202000000e-01,3.016524814e-03,2.253469420e+00
2.204000000e-01,3.016653767e-03,1.573690826e+00
2.206000000e-01,3.016790824e-03,8.581949407e-01
2.208000000e-01,3.016932158e-03,1.232210252e-01
2.210000000e-01,3.017076763e-03,-6.145495775e-01
2.212000000e-01,3.017214796e-03,-1.338372049e+00
2.214000000e-01,3.017349002e-03,-2.031818146e+00
2.216000000e-01,3.017477629e-03,-2.679149060e+00
2.218000000e-01,3.017590867e-03,-3.265672640e+00
2.220000000e-01,3.017690654e-03,-3.778076846e+00
2.222000000e-01,3.017767768e-03,-4.204731891e+00
2.224000000e-01,3.017833879e-03,-4.535954195e+00
2.226000000e-01,3.017873102e-03,-4.764226167e+00
2.228000000e-01,3.017899866e-03,-4.884366829e+00
2.230000000e-01,3.017900641e-03,-4.893649408e+00
2.232000000e-01,3.017884059e-03,-4.791863222e+00
2.234000000e-01,3.017848508e-03,-4.581318462e+00
2.236000000e-01,3.017782599e-03,-4.266793759e+00
2.238000000e-01,3.017697426e-03,-3.855427727e+00
2.240000000e-01,3.017606736e-03,-3.356556938e+00
2.242000000e-01,3.017498070e-03,-2.781504020e+00
2.244000000e-01,3.017373813e-03,-2.143320667e+00
2.246000000e-01,3.017239251e-03,-1.456491413e+00
2.248000000e-01,3.017102473e-03,-7.366048868e-01
2.250000000e-01,3.016961340e-03,-6.726636244e-14
2.252000000e-01,3.016815387e-03,7.366048868e-01
2.254000000e-01,3.016675788e-03,1.456491413e+00
2.256000000e-01,3.016544945e-03,2.143320667e+00
2.258000000e-01,3.016422967e-03,2.781504020e+00
2.260000000e-01,3.016307249e-03,3.356556938e+00
2.262000000e-01,3.016213367e-03,3.855427727e+00
2.264000000e-01,3.016132812e-03,4.266793759e+00
2.266000000e-01,3.016071629e-03,4.581318462e+00
2.268000000e-01,3.016031492e-03,4.791863222e+00
2.270000000e-01,3.016015468e-03,4.893649408e+00
2.272000000e-01,3.016012616e-03,4.884366829e+00
2.274000000e-01,3.016040976e-03,4.764226167e+00
2.276000000e-01,3.016085515e-03,4.535954195e+00
2.278000000e-01,3.016147442e-03,4.204731891e+00
2.280000000e-01,3.016230352e-03,3.778076846e+00
2.282000000e-01,3.016327271e-03,3.265672640e+00
2.284000000e-01,3.016437937e-03,2.679149060e+00
2.286000000e-01,3.016567308e-03,2.031818146e+00
2.288000000e-01,3.016697701e-03,1.338372049e+00
2.290000000e-01,3.016840570e-03,6.145495775e-01
2.292000000e-01,3.016979673e-03,-1.232210252e-01
2.294000000e-01,3.017126137e-03,-8.581949406e-01
2.296000000e-01,3.017262016e-03,-1.573690826e+00
2.298000000e-01,3.017396579e-03,-2.253469420e+00
2.300000000e-01,3.017517596e-03,-2.882102122e+00
2.302000000e-01,3.017621490e-03,-3.445321163e+00
2.304000000e-01,3.017718626e-03,-3.930343436e+00
2.306000000e-01,3.017792827e-03,-4.326160628e+00
2.308000000e-01,3.017851267e-03,-4.623789069e+00
2.310000000e-01,3.017886120e-03,-4.816473634e+00
2.312000000e-01,3.017902655e-03,-4.899841053e+00
2.314000000e-01,3.017898921e-03,-4.871999179e+00
2.316000000e-01,3.017872079e-03,-4.733579924e+00
2.318000000e-01,3.017821373e-03,-4.487724923e+00
2.320000000e-01,3.017757447e-03,-4.140014225e+00
2.322000000e-01,3.017669670e-03,-3.698339651e+00
2.324000000e-01,3.017570876e-03,-3.172725673e+00
2.326000000e-01,3.017455189e-03,-2.575101892e+00
2.328000000e-01,3.017329088e-03,-1.919032285e+00
2.330000000e-01,3.017196587e-03,-1.219407341e+00
2.332000000e-01,3.017053238e-03,-4.921061055e-01
2.334000000e-01,3.016912740e-03,2.463642214e-01
2.336000000e-01,3.016770244e-03,9.792429402e-01
2.338000000e-01,3.016636549e-03,1.689896261e+00
2.340000000e-01,3.016504203e-03,2.362194834e+00
2.342000000e-01,3.016381899e-03,2.980879827e+00
2.344000000e-01,3.016278595e-03,3.531909249e+00
2.346000000e-01,3.016188866e-03,4.002776657e+00
2.348000000e-01,3.016114634e-03,4.382795001e+00
2.350000000e-01,3.016060378e-03,4.663339193e+00
2.352000000e-01,3.016027958e-03,4.838041857e+00
2.354000000e-01,3.016011717e-03,4.902937854e+00
2.356000000e-01,3.016019915e-03,4.856554270e+00
2.358000000e-01,3.016051406e-03,4.699943851e+00
2.360000000e-01,3.016100997e-03,4.436661107e+00
2.362000000e-01,3.016176453e-03,4.072681637e+00
2.364000000e-01,3.016259564e-03,3.616266506e+00
2.366000000e-01,3.016365456e-03,3.077774744e+00
2.368000000e-01,3.016478834e-03,2.469428235e+00
2.370000000e-01,3.016610343e-03,1.805034322e+00
2.372000000e-01,3.016748501e-03,1.099672429e+00
2.374000000e-01,3.016884179e-03,3.693518087e-01
2.376000000e-01,3.017030380e-03,-3.693518087e-01
2.378000000e-01,3.017173295e-03,-1.099672429e+00
2.380000000e-01,3.017307036e-03,-1.805034322e+00
2.382000000e-01,3.017438375e-03,-2.469428235e+00
2.384000000e-01,3.017549257e-03,-3.077774744e+00
2.386000000e-01,3.017655909e-03,-3.616266506e+00
2.388000000e-01,3.017747203e-03,-4.072681637e+00
2.390000000e-01,3.017816491e-03,-4.436661107e+00
2.392000000e-01,3.017863432e-03,-4.699943851e+00
2.394000000e-01,3.017898890e-03,-4.856554270e+00
2.396000000e-01,3.017906995e-03,-4.902937854e+00
2.398000000e-01,3.017890413e-03,-4.838041857e+00
2.400000000e-01,3.017860891e-03,-4.663339193e+00
2.402000000e-01,3.017802172e-03,-4.382795001e+00
2.404000000e-01,3.017729288e-03,-4.002776657e+00
2.406000000e-01,3.017642194e-03,-3.531909249e+00
2.408000000e-01,3.017532164e-03,-2.980879827e+00
2.410000000e-01,3.017411952e-03,-2.362194834e+00
2.412000000e-01,3.017280396e-03,-1.689896261e+00
2.414000000e-01,3.017147694e-03,-9.792429402e-01
2.416000000e-01,3.017001834e-03,-2.463642214e-01
2.418000000e-01,3.016866295e-03,4.921061055e-01
2.420000000e-01,3.016724418e-03,1.219407341e+00
2.422000000e-01,3.016587485e-03,1.919032285e+00
2.424000000e-01,3.016460330e-03,2.575101892e+00
2.426000000e-01,3.016350579e-03,3.172725673e+00
2.428000000e-01,3.016247430e-03,3.698339651e+00
2.430000000e-01,3.016157360e-03,4.140014225e+00
2.432000000e-01,3.016095061e-03,4.487724923e+00
2.434000000e-01,3.016042929e-03,4.733579924e+00
2.436000000e-01,3.016013809e-03,4.871999179e+00
2.438000000e-01,3.016013391e-03,4.899841053e+00
2.440000000e-01,3.016034343e-03,4.816473634e+00
2.442000000e-01,3.016064160e-03,4.623789069e+00
2.444000000e-01,3.016126412e-03,4.326160628e+00
2.446000000e-01,3.016198056e-03,3.930343436e+00
2.448000000e-01,3.016292806e-03,3.445321163e+00
2.450000000e-01,3.016402092e-03,2.882102122e+00
2.452000000e-01,3.016523931e-03,2.253469420e+00
2.454000000e-01,3.016655952e-03,1.573690826e+00
2.456000000e-01,3.016795101e-03,8.581949407e-01
2.458000000e-01,3.016931616e-03,1.232210252e-01
2.460000000e-01,3.017077941e-03,-6.145495775e-01
2.462000000e-01,3.017218113e-03,-1.338372049e+00
2.464000000e-01,3.017350381e-03,-2.031818146e+00
2.466000000e-01,3.017475413e-03,-2.679149060e+00
2.468000000e-01,3.017591921e-03,-3.265672640e+00
2.470000000e-01,3.017684966e-03,-3.778076846e+00
2.472000000e-01,3.017771937e-03,-4.204731891e+00
2.474000000e-01,3.017834793e-03,-4.535954195e+00
2.476000000e-01,3.017876853e-03,-4.764226167e+00
2.478000000e-01,3.017901943e-03,-4.884366829e+00
2.480000000e-01,3.017902377e-03,-4.893649408e+00
2.482000000e-01,3.017881936e-03,-4.791863222e+00
2.484000000e-01,3.017840791e-03,-4.581318462e+00
2.486000000e-01,3.017781188e-03,-4.266793759e+00
2.488000000e-01,3.017701641e-03,-3.855427727e+00
2.490000000e-01,3.017605868e-03,-3.356556938e+00
2.492000000e-01,3.017491344e-03,-2.781504020e+00
2.494000000e-01,3.017369753e-03,-2.143320667e+00
2.496000000e-01,3.017237872e-03,-1.456491413e+00
2.498000000e-01,3.017101031e-03,-7.366048868e-01
2.500000000e-01,3.016960890e-03,-1.057094868e-13
2.502000000e-01,3.016820454e-03,7.366048868e-01
2.504000000e-01,3.016676067e-03,1.456491413e+00
2.506000000e-01,3.016543767e-03,2.143320667e+00
2.508000000e-01,3.016424113e-03,2.781504020e+00
2.510000000e-01,3.016304831e-03,3.356556938e+00
2.512000000e-01,3.016215505e-03,3.855427727e+00
2.514000000e-01,3.016135369e-03,4.266793759e+00
2.516000000e-01,3.016073272e-03,4.581318462e+00
2.518000000e-01,3.016033336e-03,4.791863222e+00
2.520000000e-01,3.016011841e-03,4.893649408e+00
2.522000000e-01,3.016016723e-03,4.884366829e+00
2.524000000e-01,3.016040155e-03,4.764226167e+00
2.526000000e-01,3.016078247e-03,4.535954195e+00
2.528000000e-01,3.016147550e-03,4.204731891e+00
2.530000000e-01,3.016227950e-03,3.778076846e+00
2.532000000e-01,3.016326899e-03,3.265672640e+00
2.534000000e-01,3.016440571e-03,2.679149060e+00
2.536000000e-01,3.016566719e-03,2.031818146e+00
2.538000000e-01,3.016702583e-03,1.338372049e+00
2.540000000e-01,3.016841391e-03,6.145495775e-01
2.542000000e-01,3.016978077e-03,-1.232210252e-01
2.544000000e-01,3.017122960e-03,-8.581949406e-01
2.546000000e-01,3.017261753e-03,-1.573690826e+00
2.548000000e-01,3.017391976e-03,-2.253469420e+00
2.550000000e-01,3.017514729e-03,-2.882102122e+00
2.552000000e-01,3.017618359e-03,-3.445321163e+00
2.554000000e-01,3.017717324e-03,-3.930343436e+00
2.556000000e-01,3.017788534e-03,-4.326160628e+00
2.558000000e-01,3.017851251e-03,-4.623789069e+00
2.560000000e-01,3.017886089e-03,-4.816473634e+00
2.562000000e-01,3.017907739e-03,-4.899841053e+00
2.564000000e-01,3.017901819e-03,-4.871999179e+00
2.566000000e-01,3.017871987e-03,-4.733579924e+00
2.568000000e-01,3.017823403e-03,-4.487724923e+00
2.570000000e-01,3.017757803e-03,-4.140014225e+00
2.572000000e-01,3.017670786e-03,-3.698339651e+00
2.574000000e-01,3.017575742e-03,-3.172725673e+00
2.576000000e-01,3.017452384e-03,-2.575101892e+00
2.578000000e-01,3.017330824e-03,-1.919032285e+00
2.580000000e-01,3.017193751e-03,-1.219407341e+00
2.582000000e-01,3.017051921e-03,-4.921061055e-01
2.584000000e-01,3.016909238e-03,2.463642214e-01
2.586000000e-01,3.016768570e-03,9.792429402e-01
2.588000000e-01,3.016627933e-03,1.689896261e+00
2.590000000e-01,3.016498655e-03,2.362194834e+00
2.592000000e-01,3.016383681e-03,2.980879827e+00
2.594000000e-01,3.016276177e-03,3.531909249e+00
2.596000000e-01,3.016184496e-03,4.002776657e+00
2.598000000e-01,3.016110543e-03,4.382795001e+00
2.600000000e-01,3.016055481e-03,4.663339193e+00
2.602000000e-01,3.016022178e-03,4.838041857e+00
2.604000000e-01,3.016010462e-03,4.902937854e+00
2.606000000e-01,3.016017885e-03,4.856554270e+00
2.608000000e-01,3.016050507e-03,4.699943851e+00
2.610000000e-01,3.016103926e-03,4.436661107e+00
2.612000000e-01,3.016169277e-03,4.072681637e+00
2.614000000e-01,3.016260277e-03,3.616266506e+00
2.616000000e-01,3.016366448e-03,3.077774744e+00
2.618000000e-01,3.016481050e-03,2.469428235e+00
2.620000000e-01,3.016605880e-03,1.805034322e+00
2.622000000e-01,3.016743232e-03,1.099672429e+00
2.624000000e-01,3.016886736e-03,3.693518087e-01
2.626000000e-01,3.017029372e-03,-3.693518087e-01
2.628000000e-01,3.017165407e-03,-1.099672429e+00
2.630000000e-01,3.017307888e-03,-1.805034322e+00
2.632000000e-01,3.017431711e-03,-2.469428235e+00
2.634000000e-01,3.017553596e-03,-3.077774744e+00
2.636000000e-01,3.017655754e-03,-3.616266506e+00
2.638000000e-01,3.017737812e-03,-4.072681637e+00
2.640000000e-01,3.017818630e-03,-4.436661107e+00
2.642000000e-01,3.017862812e-03,-4.699943851e+00
2.644000000e-01,3.017891528e-03,-4.856554270e+00
2.646000000e-01,3.017907320e-03,-4.902937854e+00
2.648000000e-01,3.017893729e-03,-4.838041857e+00
2.650000000e-01,3.017856551e-03,-4.663339193e+00
2.652000000e-01,3.017804000e-03,-4.382795001e+00
2.654000000e-01,3.017729350e-03,-4.002776657e+00
2.656000000e-01,3.017643170e-03,-3.531909249e+00
2.658000000e-01,3.017533047e-03,-2.980879827e+00
2.660000000e-01,3.017416834e-03,-2.362194834e+00
2.662000000e-01,3.017285944e-03,-1.689896261e+00
2.664000000e-01,3.017145973e-03,-9.792429402e-01
2.666000000e-01,3.017003786e-03,-2.463642214e-01
2.668000000e-01,3.016866714e-03,4.921061055e-01
2.670000000e-01,3.016722063e-03,1.219407341e+00
2.672000000e-01,3.016584587e-03,1.919032285e+00
2.674000000e-01,3.016461415e-03,2.575101892e+00
2.676000000e-01,3.016345945e-03,3.172725673e+00
2.678000000e-01,3.016241696e-03,3.698339651e+00
2.680000000e-01,3.016159514e-03,4.140014225e+00
2.682000000e-01,3.016097200e-03,4.487724923e+00
2.684000000e-01,3.016042262e-03,4.733579924e+00
2.686000000e-01,3.016023526e-03,4.871999179e+00
2.688000000e-01,3.016010756e-03,4.899841053e+00
2.690000000e-01,3.016029957e-03,4.816473634e+00
2.692000000e-01,3.016067988e-03,4.623789069e+00
2.694000000e-01,3.016123018e-03,4.326160628e+00
2.696000000e-01,3.016198769e-03,3.930343436e+00
2.698000000e-01,3.016290682e-03,3.445321163e+00
2.700000000e-01,3.016401456e-03,2.882102122e+00
2.702000000e-01,3.016527945e-03,2.253469420e+00
2.704000000e-01,3.016650466e-03,1.573690826e+00
2.706000000e-01,3.016791273e-03,8.581949407e-01
2.708000000e-01,3.016929446e-03,1.232210252e-01
2.710000000e-01,3.017078065e-03,-6.145495775e-01
2.712000000e-01,3.017217075e-03,-1.338372049e+00
2.714000000e-01,3.017348041e-03,-2.031818146e+00
2.716000000e-01,3.017478528e-03,-2.679149060e+00
2.718000000e-01,3.017587721e-03,-3.265672640e+00
2.720000000e-01,3.017685276e-03,-3.778076846e+00
2.722000000e-01,3.017770247e-03,-4.204731891e+00
2.724000000e-01,3.017832283e-03,-4.535954195e+00
2.726000000e-01,3.017877906e-03,-4.764226167e+00
2.728000000e-01,3.017902377e-03,-4.884366829e+00
2.730000000e-01,3.017901943e-03,-4.893649408e+00
2.732000000e-01,3.017882168e-03,-4.791863222e+00
2.734000000e-01,3.017845471e-03,-4.581318462e+00
2.736000000e-01,3.017779499e-03,-4.266793759e+00
2.738000000e-01,3.017699859e-03,-3.855427727e+00
2.740000000e-01,3.017603203e-03,-3.356556938e+00
2.742000000e-01,3.017493514e-03,-2.781504020e+00
2.744000000e-01,3.017372248e-03,-2.143320667e+00
2.746000000e-01,3.017240041e-03,-1.456491413e+00
2.748000000e-01,3.017098459e-03,-7.366048868e-01
2.750000000e-01,3.016960286e-03,-4.791732760e-15
2.752000000e-01,3.016819292e-03,7.366048868e-01
2.754000000e-01,3.016676578e-03,1.456491413e+00
2.756000000e-01,3.016547735e-03,2.143320667e+00
2.758000000e-01,3.016424020e-03,2.781504020e+00
2.760000000e-01,3.016311712e-03,3.356556938e+00
2.762000000e-01,3.016215382e-03,3.855427727e+00
2.764000000e-01,3.016134548e-03,4.266793759e+00
2.766000000e-01,3.016073551e-03,4.581318462e+00
2.768000000e-01,3.016032375e-03,4.791863222e+00
2.770000000e-01,3.016015576e-03,4.893649408e+00
2.772000000e-01,3.016020473e-03,4.884366829e+00
2.774000000e-01,3.016042526e-03,4.764226167e+00
2.776000000e-01,3.016080153e-03,4.535954195e+00
2.778000000e-01,3.016145629e-03,4.204731891e+00
2.780000000e-01,3.016228911e-03,3.778076846e+00
2.782000000e-01,3.016328124e-03,3.265672640e+00
2.784000000e-01,3.016439037e-03,2.679149060e+00
2.786000000e-01,3.016563991e-03,2.031818146e+00
2.788000000e-01,3.016697779e-03,1.338372049e+00
2.790000000e-01,3.016839609e-03,6.145495775e-01
2.792000000e-01,3.016978061e-03,-1.232210252e-01
2.794000000e-01,3.017118667e-03,-8.581949406e-01
2.796000000e-01,3.017266278e-03,-1.573690826e+00
2.798000000e-01,3.017392379e-03,-2.253469420e+00
2.800000000e-01,3.017513381e-03,-2.882102122e+00
2.802000000e-01,3.017621319e-03,-3.445321163e+00
2.804000000e-01,3.017717448e-03,-3.930343436e+00
2.806000000e-01,3.017796701e-03,-4.326160628e+00
2.808000000e-01,3.017852661e-03,-4.623789069e+00
2.810000000e-01,3.017888352e-03,-4.816473634e+00
2.812000000e-01,3.017905522e-03,-4.899841053e+00
2.814000000e-01,3.017899603e-03,-4.871999179e+00
2.816000000e-01,3.017871909e-03,-4.733579924e+00
2.818000000e-01,3.017825355e-03,-4.487724923e+00
2.820000000e-01,3.017760763e-03,-4.140014225e+00
2.822000000e-01,3.017671530e-03,-3.698339651e+00
2.824000000e-01,3.017571062e-03,-3.172725673e+00
2.826000000e-01,3.017455747e-03,-2.575101892e+00
2.828000000e-01,3.017330607e-03,-1.919032285e+00
2.830000000e-01,3.017196494e-03,-1.219407341e+00
2.832000000e-01,3.017052835e-03,-4.921061055e-01
2.834000000e-01,3.016908525e-03,2.463642214e-01
2.836000000e-01,3.016767857e-03,9.792429402e-01
2.838000000e-01,3.016633047e-03,1.689896261e+00
2.840000000e-01,3.016499585e-03,2.362194834e+00
2.842000000e-01,3.016384549e-03,2.980879827e+00
2.844000000e-01,3.016275836e-03,3.531909249e+00
2.846000000e-01,3.016187177e-03,4.002776657e+00
2.848000000e-01,3.016110481e-03,4.382795001e+00
2.850000000e-01,3.016057093e-03,4.663339193e+00
2.852000000e-01,3.016025339e-03,4.838041857e+00
2.854000000e-01,3.016013484e-03,4.902937854e+00
2.856000000e-01,3.016017963e-03,4.856554270e+00
2.858000000e-01,3.016052397e-03,4.699943851e+00
2.860000000e-01,3.016101400e-03,4.436661107e+00
2.862000000e-01,3.016169401e-03,4.072681637e+00
2.864000000e-01,3.016264353e-03,3.616266506e+00
2.866000000e-01,3.016363659e-03,3.077774744e+00
2.868000000e-01,3.016486753e-03,2.469428235e+00
2.870000000e-01,3.016611273e-03,1.805034322e+00
2.872000000e-01,3.016749245e-03,1.099672429e+00
2.874000000e-01,3.016888177e-03,3.693518087e-01
2.876000000e-01,3.017033185e-03,-3.693518087e-01
2.878000000e-01,3.017170180e-03,-1.099672429e+00
2.880000000e-01,3.017303812e-03,-1.805034322e+00
2.882000000e-01,3.017434392e-03,-2.469428235e+00
2.884000000e-01,3.017554557e-03,-3.077774744e+00
2.886000000e-01,3.017654530e-03,-3.616266506e+00
2.888000000e-01,3.017740942e-03,-4.072681637e+00
2.890000000e-01,3.017813392e-03,-4.436661107e+00
2.892000000e-01,3.017863912e-03,-4.699943851e+00
2.894000000e-01,3.017893667e-03,-4.856554270e+00
2.896000000e-01,3.017903198e-03,-4.902937854e+00
2.898000000e-01,3.017891761e-03,-4.838041857e+00
2.900000000e-01,3.017861061e-03,-4.663339193e+00
2.902000000e-01,3.017801939e-03,-4.382795001e+00
2.904000000e-01,3.017733070e-03,-4.002776657e+00
2.906000000e-01,3.017637033e-03,-3.531909249e+00
2.908000000e-01,3.017535387e-03,-2.980879827e+00
2.910000000e-01,3.017415578e-03,-2.362194834e+00
2.912000000e-01,3.017279559e-03,-1.689896261e+00
2.914000000e-01,3.017149755e-03,-9.792429402e-01
2.916000000e-01,3.017003213e-03,-2.463642214e-01
2.918000000e-01,3.016866962e-03,4.921061055e-01
2.920000000e-01,3.016725302e-03,1.219407341e+00
2.922000000e-01,3.016584107e-03,1.919032285e+00
2.924000000e-01,3.016458161e-03,2.575101892e+00
2.926000000e-01,3.016342180e-03,3.172725673e+00
2.928000000e-01,3.016243323e-03,3.698339651e+00
2.930000000e-01,3.016161637e-03,4.140014225e+00
2.932000000e-01,3.016096952e-03,4.487724923e+00
2.934000000e-01,3.016047516e-03,4.733579924e+00
2.936000000e-01,3.016015313e-03,4.871999179e+00
2.938000000e-01,3.016016165e-03,4.899841053e+00
2.940000000e-01,3.016031771e-03,4.816473634e+00
2.942000000e-01,3.016069382e-03,4.623789069e+00
2.944000000e-01,3.016123018e-03,4.326160628e+00
2.946000000e-01,3.016197808e-03,3.930343436e+00
2.948000000e-01,3.016291054e-03,3.445321163e+00
2.950000000e-01,3.016399690e-03,2.882102122e+00
2.952000000e-01,3.016525155e-03,2.253469420e+00
2.954000000e-01,3.016654309e-03,1.573690826e+00
2.956000000e-01,3.016791692e-03,8.581949407e-01
2.958000000e-01,3.016934731e-03,1.232210252e-01
2.960000000e-01,3.017074330e-03,-6.145495775e-01
2.962000000e-01,3.017217075e-03,-1.338372049e+00
2.964000000e-01,3.017348785e-03,-2.031818146e+00
2.966000000e-01,3.017474344e-03,-2.679149060e+00
2.968000000e-01,3.017590588e-03,-3.265672640e+00
2.970000000e-01,3.017690003e-03,-3.778076846e+00
2.972000000e-01,3.017766698e-03,-4.204731891e+00
2.974000000e-01,3.017835971e-03,-4.535954195e+00
2.976000000e-01,3.017881393e-03,-4.764226167e+00
2.978000000e-01,3.017900594e-03,-4.884366829e+00
2.980000000e-01,3.017904004e-03,-4.893649408e+00
2.982000000e-01,3.017881765e-03,-4.791863222e+00
2.984000000e-01,3.017839690e-03,-4.581318462e+00
2.986000000e-01,3.017781529e-03,-4.266793759e+00
2.988000000e-01,3.017704663e-03,-3.855427727e+00
2.990000000e-01,3.017604350e-03,-3.356556938e+00
2.992000000e-01,3.017494149e-03,-2.781504020e+00
2.994000000e-01,3.017369800e-03,-2.143320667e+00
2.996000000e-01,3.017240770e-03,-1.456491413e+00
2.998000000e-01,3.017100567e-03,-7.366048868e-01
3.000000000e-01,3.016958581e-03,-1.825957355e-13
3.002000000e-01,3.016818238e-03,7.366048868e-01
3.004000000e-01,3.016678206e-03,1.456491413e+00
3.006000000e-01,3.016541427e-03,2.143320667e+00
3.008000000e-01,3.016420952e-03,2.781504020e+00
3.010000000e-01,3.016311836e-03,3.356556938e+00
3.012000000e-01,3.016211616e-03,3.855427727e+00
3.014000000e-01,3.016132843e-03,4.266793759e+00
3.016000000e-01,3.016074682e-03,4.581318462e+00
3.018000000e-01,3.016034436e-03,4.791863222e+00
3.020000000e-01,3.016008850e-03,4.893649408e+00
3.022000000e-01,3.016012074e-03,4.884366829e+00
3.024000000e-01,3.016039674e-03,4.764226167e+00
3.026000000e-01,3.016083438e-03,4.535954195e+00
3.028000000e-01,3.016149224e-03,4.204731891e+00
3.030000000e-01,3.016227268e-03,3.778076846e+00
3.032000000e-01,3.016328248e-03,3.265672640e+00
3.034000000e-01,3.016439983e-03,2.679149060e+00
3.036000000e-01,3.016567168e-03,2.031818146e+00
3.038000000e-01,3.016693873e-03,1.338372049e+00
3.040000000e-01,3.016838617e-03,6.145495775e-01
3.042000000e-01,3.016974760e-03,-1.232210252e-01
3.044000000e-01,3.017126757e-03,-8.581949406e-01
3.046000000e-01,3.017263861e-03,-1.573690826e+00
3.048000000e-01,3.017396176e-03,-2.253469420e+00
3.050000000e-01,3.017512808e-03,-2.882102122e+00
3.052000000e-01,3.017619134e-03,-3.445321163e+00
3.054000000e-01,3.017715372e-03,-3.930343436e+00
3.056000000e-01,3.017795368e-03,-4.326160628e+00
3.058000000e-01,3.017854273e-03,-4.623789069e+00
3.060000000e-01,3.017884694e-03,-4.816473634e+00
3.062000000e-01,3.017900594e-03,-4.899841053e+00
3.064000000e-01,3.017903337e-03,-4.871999179e+00
3.066000000e-01,3.017868872e-03,-4.733579924e+00
3.068000000e-01,3.017822457e-03,-4.487724923e+00
3.070000000e-01,3.017758067e-03,-4.140014225e+00
3.072000000e-01,3.017672584e-03,-3.698339651e+00
3.074000000e-01,3.017571914e-03,-3.172725673e+00
3.076000000e-01,3.017455096e-03,-2.575101892e+00
3.078000000e-01,3.017329786e-03,-1.919032285e+00
3.080000000e-01,3.017190528e-03,-1.219407341e+00
3.082000000e-01,3.017053703e-03,-4.921061055e-01
3.084000000e-01,3.016913174e-03,2.463642214e-01
3.086000000e-01,3.016770337e-03,9.792429402e-01
3.088000000e-01,3.016633031e-03,1.689896261e+00
3.090000000e-01,3.016504745e-03,2.362194834e+00
3.092000000e-01,3.016384704e-03,2.980879827e+00
3.094000000e-01,3.016278331e-03,3.531909249e+00
3.096000000e-01,3.016185611e-03,4.002776657e+00
3.098000000e-01,3.016111318e-03,4.382795001e+00
3.100000000e-01,3.016057635e-03,4.663339193e+00
3.102000000e-01,3.016025959e-03,4.838041857e+00
3.104000000e-01,3.016016118e-03,4.902937854e+00
3.106000000e-01,3.016028020e-03,4.856554270e+00
3.108000000e-01,3.016055450e-03,4.699943851e+00
3.110000000e-01,3.016103290e-03,4.436661107e+00
3.112000000e-01,3.016171044e-03,4.072681637e+00
3.114000000e-01,3.016259130e-03,3.616266506e+00
3.116000000e-01,3.016361892e-03,3.077774744e+00
3.118000000e-01,3.016480167e-03,2.469428235e+00
3.120000000e-01,3.016609878e-03,1.805034322e+00
3.122000000e-01,3.016746455e-03,1.099672429e+00
3.124000000e-01,3.016890626e-03,3.693518087e-01
3.126000000e-01,3.017031325e-03,-3.693518087e-01
3.128000000e-01,3.017172474e-03,-1.099672429e+00
3.130000000e-01,3.017304773e-03,-1.805034322e+00
3.132000000e-01,3.017433292e-03,-2.469428235e+00
3.134000000e-01,3.017552775e-03,-3.077774744e+00
3.136000000e-01,3.017656265e-03,-3.616266506e+00
3.138000000e-01,3.017743112e-03,-4.072681637e+00
3.140000000e-01,3.017820071e-03,-4.436661107e+00
3.142000000e-01,3.017866191e-03,-4.699943851e+00
3.144000000e-01,3.017896302e-03,-4.856554270e+00
3.146000000e-01,3.017901137e-03,-4.902937854e+00
3.148000000e-01,3.017893853e-03,-4.838041857e+00
3.150000000e-01,3.017854738e-03,-4.663339193e+00
3.152000000e-01,3.017804496e-03,-4.382795001e+00
3.154000000e-01,3.017727243e-03,-4.002776657e+00
3.156000000e-01,3.017638335e-03,-3.531909249e+00
3.158000000e-01,3.017534597e-03,-2.980879827e+00
3.160000000e-01,3.017412758e-03,-2.362194834e+00
3.162000000e-01,3.017280970e-03,-1.689896261e+00
3.164000000e-01,3.017151041e-03,-9.792429402e-01
3.166000000e-01,3.017006560e-03,-2.463642214e-01
3.168000000e-01,3.016862204e-03,4.921061055e-01
3.170000000e-01,3.016721319e-03,1.219407341e+00
3.172000000e-01,3.016585532e-03,1.919032285e+00
3.174000000e-01,3.016460454e-03,2.575101892e+00
3.176000000e-01,3.016344055e-03,3.172725673e+00
3.178000000e-01,3.016242672e-03,3.698339651e+00
3.180000000e-01,3.016156291e-03,4.140014225e+00
3.182000000e-01,3.016090660e-03,4.487724923e+00
3.184000000e-01,3.016038233e-03,4.733579924e+00
3.186000000e-01,3.016017188e-03,4.871999179e+00
3.188000000e-01,3.016012260e-03,4.899841053e+00
3.190000000e-01,3.016025556e-03,4.816473634e+00
3.192000000e-01,3.016065307e-03,4.623789069e+00
3.194000000e-01,3.016119686e-03,4.326160628e+00
3.196000000e-01,3.016199900e-03,3.930343436e+00
3.198000000e-01,3.016292790e-03,3.445321163e+00
3.200000000e-01,3.016406028e-03,2.882102122e+00
3.202000000e-01,3.016520305e-03,2.253469420e+00
3.204000000e-01,3.016653054e-03,1.573690826e+00
3.206000000e-01,3.016791180e-03,8.581949407e-01
3.208000000e-01,3.016934979e-03,1.232210252e-01
3.210000000e-01,3.017079583e-03,-6.145495775e-01
3.212000000e-01,3.017220654e-03,-1.338372049e+00
3.214000000e-01,3.017348894e-03,-2.031818146e+00
3.216000000e-01,3.017478404e-03,-2.679149060e+00
3.218000000e-01,3.017588992e-03,-3.265672640e+00
3.220000000e-01,3.017684966e-03,-3.778076846e+00
3.222000000e-01,3.017768016e-03,-4.204731891e+00
3.224000000e-01,3.017836250e-03,-4.535954195e+00
3.226000000e-01,3.017874342e-03,-4.764226167e+00
3.228000000e-01,3.017899773e-03,-4.884366829e+00
3.230000000e-01,3.017897448e-03,-4.893649408e+00
3.232000000e-01,3.017882230e-03,-4.791863222e+00
3.234000000e-01,3.017837521e-03,-4.581318462e+00
3.236000000e-01,3.017781049e-03,-4.266793759e+00
3.238000000e-01,3.017699906e-03,-3.855427727e+00
3.240000000e-01,3.017603373e-03,-3.356556938e+00
3.242000000e-01,3.017493049e-03,-2.781504020e+00
3.244000000e-01,3.017370636e-03,-2.143320667e+00
3.246000000e-01,3.017238848e-03,-1.456491413e+00
3.248000000e-01,3.017096305e-03,-7.366048868e-01
3.250000000e-01,3.016959170e-03,-8.167798148e-14
3.252000000e-01,3.016817433e-03,7.366048868e-01
3.254000000e-01,3.016679306e-03,1.456491413e+00
3.256000000e-01,3.016547440e-03,2.143320667e+00
3.258000000e-01,3.016420487e-03,2.781504020e+00
3.260000000e-01,3.016310999e-03,3.356556938e+00
3.262000000e-01,3.016216048e-03,3.855427727e+00
3.264000000e-01,3.016135896e-03,4.266793759e+00
3.266000000e-01,3.016074667e-03,4.581318462e+00
3.268000000e-01,3.016030608e-03,4.791863222e+00
3.270000000e-01,3.016013608e-03,4.893649408e+00
3.272000000e-01,3.016016769e-03,4.884366829e+00
3.274000000e-01,3.016038341e-03,4.764226167e+00
3.276000000e-01,3.016084973e-03,4.535954195e+00
3.278000000e-01,3.016150650e-03,4.204731891e+00
3.280000000e-01,3.016230832e-03,3.778076846e+00
3.282000000e-01,3.016325412e-03,3.265672640e+00
3.284000000e-01,3.016441532e-03,2.679149060e+00
3.286000000e-01,3.016565649e-03,2.031818146e+00
3.288000000e-01,3.016702304e-03,1.338372049e+00
3.290000000e-01,3.016837006e-03,6.145495775e-01
3.292000000e-01,3.016980603e-03,-1.232210252e-01
3.294000000e-01,3.017122867e-03,-8.581949406e-01
3.296000000e-01,3.017262202e-03,-1.573690826e+00
3.298000000e-01,3.017395230e-03,-2.253469420e+00
3.300000000e-01,3.017516047e-03,-2.882102122e+00
3.302000000e-01,3.017622543e-03,-3.445321163e+00
3.304000000e-01,3.017717665e-03,-3.930343436e+00
3.306000000e-01,3.017791602e-03,-4.326160628e+00
3.308000000e-01,3.017853204e-03,-4.623789069e+00
3.310000000e-01,3.017888305e-03,-4.816473634e+00
3.312000000e-01,3.017907956e-03,-4.899841053e+00
3.314000000e-01,3.017899060e-03,-4.871999179e+00
3.316000000e-01,3.017872126e-03,-4.733579924e+00
3.318000000e-01,3.017821652e-03,-4.487724923e+00
3.320000000e-01,3.017758345e-03,-4.140014225e+00
3.322000000e-01,3.017671050e-03,-3.698339651e+00
3.324000000e-01,3.017569047e-03,-3.172725673e+00
3.326000000e-01,3.017453407e-03,-2.575101892e+00
3.328000000e-01,3.017333087e-03,-1.919032285e+00
3.330000000e-01,3.017197564e-03,-1.219407341e+00
3.332000000e-01,3.017057887e-03,-4.921061055e-01
3.334000000e-01,3.016914972e-03,2.463642214e-01
3.336000000e-01,3.016770244e-03,9.792429402e-01
3.338000000e-01,3.016632024e-03,1.689896261e+00
3.340000000e-01,3.016506590e-03,2.362194834e+00
3.342000000e-01,3.016383263e-03,2.980879827e+00
3.344000000e-01,3.016274317e-03,3.531909249e+00
3.346000000e-01,3.016183783e-03,4.002776657e+00
3.348000000e-01,3.016110093e-03,4.382795001e+00
3.350000000e-01,3.016062362e-03,4.663339193e+00
3.352000000e-01,3.016025711e-03,4.838041857e+00
3.354000000e-01,3.016010663e-03,4.902937854e+00
3.356000000e-01,3.016020411e-03,4.856554270e+00
3.358000000e-01,3.016053017e-03,4.699943851e+00
3.360000000e-01,3.016100950e-03,4.436661107e+00
3.362000000e-01,3.016173911e-03,4.072681637e+00
3.364000000e-01,3.016264849e-03,3.616266506e+00
3.366000000e-01,3.016360544e-03,3.077774744e+00
3.368000000e-01,3.016481128e-03,2.469428235e+00
3.370000000e-01,3.016609568e-03,1.805034322e+00
3.372000000e-01,3.016746006e-03,1.099672429e+00
3.374000000e-01,3.016885000e-03,3.693518087e-01
3.376000000e-01,3.017028179e-03,-3.693518087e-01
3.378000000e-01,3.017167902e-03,-1.099672429e+00
3.380000000e-01,3.017303905e-03,-1.805034322e+00
3.382000000e-01,3.017434733e-03,-2.469428235e+00
3.384000000e-01,3.017555146e-03,-3.077774744e+00
3.386000000e-01,3.017654514e-03,-3.616266506e+00
3.388000000e-01,3.017744971e-03,-4.072681637e+00
3.390000000e-01,3.017814306e-03,-4.436661107e+00
3.392000000e-01,3.017868221e-03,-4.699943851e+00
3.394000000e-01,3.017897619e-03,-4.856554270e+00
3.396000000e-01,3.017906654e-03,-4.902937854e+00
3.398000000e-01,3.017893311e-03,-4.838041857e+00
3.400000000e-01,3.017863293e-03,-4.663339193e+00
3.402000000e-01,3.017802249e-03,-4.382795001e+00
3.404000000e-01,3.017726452e-03,-4.002776657e+00
3.406000000e-01,3.017635840e-03,-3.531909249e+00
3.408000000e-01,3.017528196e-03,-2.980879827e+00
3.410000000e-01,3.017415826e-03,-2.362194834e+00
3.412000000e-01,3.017289539e-03,-1.689896261e+00
3.414000000e-01,3.017150963e-03,-9.792429402e-01
3.416000000e-01,3.017002702e-03,-2.463642214e-01
3.418000000e-01,3.016863227e-03,4.921061055e-01
3.420000000e-01,3.016720265e-03,1.219407341e+00
3.422000000e-01,3.016584138e-03,1.919032285e+00
3.424000000e-01,3.016461725e-03,2.575101892e+00
3.426000000e-01,3.016347774e-03,3.172725673e+00
3.428000000e-01,3.016242207e-03,3.698339651e+00
3.430000000e-01,3.016164194e-03,4.140014225e+00
3.432000000e-01,3.016093326e-03,4.487724923e+00
3.434000000e-01,3.016042758e-03,4.733579924e+00
3.436000000e-01,3.016016382e-03,4.871999179e+00
3.438000000e-01,3.016014941e-03,4.899841053e+00
3.440000000e-01,3.016021449e-03,4.816473634e+00
3.442000000e-01,3.016066174e-03,4.623789069e+00
3.444000000e-01,3.016125436e-03,4.326160628e+00
3.446000000e-01,3.016197560e-03,3.930343436e+00
3.448000000e-01,3.016294712e-03,3.445321163e+00
3.450000000e-01,3.016403177e-03,2.882102122e+00
3.452000000e-01,3.016520119e-03,2.253469420e+00
3.454000000e-01,3.016656680e-03,1.573690826e+00
3.456000000e-01,3.016788282e-03,8.581949407e-01
3.458000000e-01,3.016936637e-03,1.232210252e-01
3.460000000e-01,3.017077336e-03,-6.145495775e-01
3.462000000e-01,3.017217276e-03,-1.338372049e+00
3.464000000e-01,3.017353155e-03,-2.031818146e+00
3.466000000e-01,3.017475273e-03,-2.679149060e+00
3.468000000e-01,3.017587442e-03,-3.265672640e+00
3.470000000e-01,3.017689925e-03,-3.778076846e+00
3.472000000e-01,3.017772603e-03,-4.204731891e+00
3.474000000e-01,3.017837629e-03,-4.535954195e+00
3.476000000e-01,3.017874884e-03,-4.764226167e+00
3.478000000e-01,3.017904887e-03,-4.884366829e+00
3.480000000e-01,3.017900238e-03,-4.893649408e+00
3.482000000e-01,3.017882246e-03,-4.791863222e+00
3.484000000e-01,3.017843487e-03,-4.581318462e+00
3.486000000e-01,3.017783559e-03,-4.266793759e+00
3.488000000e-01,3.017702261e-03,-3.855427727e+00
3.490000000e-01,3.017608472e-03,-3.356556938e+00
3.492000000e-01,3.017497404e-03,-2.781504020e+00
3.494000000e-01,3.017371969e-03,-2.143320667e+00
3.496000000e-01,3.017242257e-03,-1.456491413e+00
3.498000000e-01,3.017100458e-03,-7.366048868e-01
3.500000000e-01,3.016959309e-03,-2.594819842e-13
3.502000000e-01,3.016813264e-03,7.366048868e-01
3.504000000e-01,3.016679228e-03,1.456491413e+00
3.506000000e-01,3.016542326e-03,2.143320667e+00
3.508000000e-01,3.016419619e-03,2.781504020e+00
3.510000000e-01,3.016311216e-03,3.356556938e+00
3.512000000e-01,3.016217722e-03,3.855427727e+00
3.514000000e-01,3.016133107e-03,4.266793759e+00
3.516000000e-01,3.016069274e-03,4.581318462e+00
3.518000000e-01,3.016033041e-03,4.791863222e+00
3.520000000e-01,3.016014631e-03,4.893649408e+00
3.522000000e-01,3.016019419e-03,4.884366829e+00
3.524000000e-01,3.016039411e-03,4.764226167e+00
3.526000000e-01,3.016082725e-03,4.535954195e+00
3.528000000e-01,3.016148155e-03,4.204731891e+00
3.530000000e-01,3.016230972e-03,3.778076846e+00
3.532000000e-01,3.016328062e-03,3.265672640e+00
3.534000000e-01,3.016449482e-03,2.679149060e+00
3.536000000e-01,3.016562643e-03,2.031818146e+00
3.538000000e-01,3.016702195e-03,1.338372049e+00
3.540000000e-01,3.016840802e-03,6.145495775e-01
3.542000000e-01,3.016975721e-03,-1.232210252e-01
3.544000000e-01,3.017125006e-03,-8.581949406e-01
3.546000000e-01,3.017263365e-03,-1.573690826e+00
3.548000000e-01,3.017393991e-03,-2.253469420e+00
3.550000000e-01,3.017516527e-03,-2.882102122e+00
3.552000000e-01,3.017616670e-03,-3.445321163e+00
3.554000000e-01,3.017713683e-03,-3.930343436e+00
3.556000000e-01,3.017792966e-03,-4.326160628e+00
3.558000000e-01,3.017850755e-03,-4.623789069e+00
3.560000000e-01,3.017889529e-03,-4.816473634e+00
3.562000000e-01,3.017903229e-03,-4.899841053e+00
3.564000000e-01,3.017900439e-03,-4.871999179e+00
3.566000000e-01,3.017871770e-03,-4.733579924e+00
3.568000000e-01,3.017822690e-03,-4.487724923e+00
3.570000000e-01,3.017759740e-03,-4.140014225e+00
3.572000000e-01,3.017669175e-03,-3.698339651e+00
3.574000000e-01,3.017571527e-03,-3.172725673e+00
3.576000000e-01,3.017455127e-03,-2.575101892e+00
3.578000000e-01,3.017329863e-03,-1.919032285e+00
3.580000000e-01,3.017190404e-03,-1.219407341e+00
3.582000000e-01,3.017048527e-03,-4.921061055e-01
3.584000000e-01,3.016912616e-03,2.463642214e-01
3.586000000e-01,3.016767036e-03,9.792429402e-01
3.588000000e-01,3.016632597e-03,1.689896261e+00
3.590000000e-01,3.016502808e-03,2.362194834e+00
3.592000000e-01,3.016384797e-03,2.980879827e+00
3.594000000e-01,3.016275511e-03,3.531909249e+00
3.596000000e-01,3.016189176e-03,4.002776657e+00
3.598000000e-01,3.016110357e-03,4.382795001e+00
3.600000000e-01,3.016060301e-03,4.663339193e+00
3.602000000e-01,3.016023898e-03,4.838041857e+00
3.604000000e-01,3.016012353e-03,4.902937854e+00
3.606000000e-01,3.016023278e-03,4.856554270e+00
3.608000000e-01,3.016050801e-03,4.699943851e+00
3.610000000e-01,3.016099338e-03,4.436661107e+00
3.612000000e-01,3.016170316e-03,4.072681637e+00
3.614000000e-01,3.016252978e-03,3.616266506e+00
3.616000000e-01,3.016362884e-03,3.077774744e+00
3.618000000e-01,3.016484026e-03,2.469428235e+00
3.620000000e-01,3.016612203e-03,1.805034322e+00
3.622000000e-01,3.016749927e-03,1.099672429e+00
3.624000000e-01,3.016887480e-03,3.693518087e-01
3.626000000e-01,3.017032131e-03,-3.693518087e-01
3.628000000e-01,3.017175805e-03,-1.099672429e+00
3.630000000e-01,3.017310120e-03,-1.805034322e+00
3.632000000e-01,3.017433292e-03,-2.469428235e+00
3.634000000e-01,3.017552744e-03,-3.077774744e+00
3.636000000e-01,3.017656823e-03,-3.616266506e+00
3.638000000e-01,3.017745514e-03,-4.072681637e+00
3.640000000e-01,3.017815484e-03,-4.436661107e+00
3.642000000e-01,3.017866315e-03,-4.699943851e+00
3.644000000e-01,3.017897185e-03,-4.856554270e+00
3.646000000e-01,3.017903244e-03,-4.902937854e+00
3.648000000e-01,3.017895248e-03,-4.838041857e+00
3.650000000e-01,3.017860162e-03,-4.663339193e+00
3.652000000e-01,3.017804062e-03,-4.382795001e+00
3.654000000e-01,3.017730652e-03,-4.002776657e+00
3.656000000e-01,3.017637576e-03,-3.531909249e+00
3.658000000e-01,3.017535201e-03,-2.980879827e+00
3.660000000e-01,3.017413052e-03,-2.362194834e+00
3.662000000e-01,3.017284425e-03,-1.689896261e+00
3.664000000e-01,3.017145772e-03,-9.792429402e-01
3.666000000e-01,3.017010435e-03,-2.463642214e-01
3.668000000e-01,3.016864095e-03,4.921061055e-01
3.670000000e-01,3.016724527e-03,1.219407341e+00
3.672000000e-01,3.016585517e-03,1.919032285e+00
3.674000000e-01,3.016459060e-03,2.575101892e+00
3.676000000e-01,3.016347046e-03,3.172725673e+00
3.678000000e-01,3.016239387e-03,3.698339651e+00
3.680000000e-01,3.016157980e-03,4.140014225e+00
3.682000000e-01,3.016090118e-03,4.487724923e+00
3.684000000e-01,3.016044246e-03,4.733579924e+00
3.686000000e-01,3.016020256e-03,4.871999179e+00
3.688000000e-01,3.016011609e-03,4.899841053e+00
3.690000000e-01,3.016029895e-03,4.816473634e+00
3.692000000e-01,3.016069754e-03,4.623789069e+00
3.694000000e-01,3.016122910e-03,4.326160628e+00
3.696000000e-01,3.016198908e-03,3.930343436e+00
3.698000000e-01,3.016292372e-03,3.445321163e+00
3.700000000e-01,3.016402138e-03,2.882102122e+00
3.702000000e-01,3.016526302e-03,2.253469420e+00
3.704000000e-01,3.016655471e-03,1.573690826e+00
3.706000000e-01,3.016790157e-03,8.581949407e-01
3.708000000e-01,3.016937133e-03,1.232210252e-01
3.710000000e-01,3.017077631e-03,-6.145495775e-01
3.712000000e-01,3.017216563e-03,-1.338372049e+00
3.714000000e-01,3.017353713e-03,-2.031818146e+00
3.716000000e-01,3.017476234e-03,-2.679149060e+00
3.718000000e-01,3.017587163e-03,-3.265672640e+00
3.720000000e-01,3.017686826e-03,-3.778076846e+00
3.722000000e-01,3.017769163e-03,-4.204731891e+00
3.724000000e-01,3.017833321e-03,-4.535954195e+00
3.726000000e-01,3.017878790e-03,-4.764226167e+00
3.728000000e-01,3.017903430e-03,-4.884366829e+00
3.730000000e-01,3.017901524e-03,-4.893649408e+00
3.732000000e-01,3.017877333e-03,-4.791863222e+00
3.734000000e-01,3.017844247e-03,-4.581318462e+00
3.736000000e-01,3.017783683e-03,-4.266793759e+00
3.738000000e-01,3.017703501e-03,-3.855427727e+00
3.740000000e-01,3.017602862e-03,-3.356556938e+00
3.742000000e-01,3.017493917e-03,-2.781504020e+00
3.744000000e-01,3.017370125e-03,-2.143320667e+00
3.746000000e-01,3.017240522e-03,-1.456491413e+00
3.748000000e-01,3.017096987e-03,-7.366048868e-01
3.750000000e-01,3.016959263e-03,-2.979251086e-13
3.752000000e-01,3.016817107e-03,7.366048868e-01
3.754000000e-01,3.016675959e-03,1.456491413e+00
3.756000000e-01,3.016545813e-03,2.143320667e+00
3.758000000e-01,3.016425834e-03,2.781504020e+00
3.760000000e-01,3.016309992e-03,3.356556938e+00
3.762000000e-01,3.016219039e-03,3.855427727e+00
3.764000000e-01,3.016135617e-03,4.266793759e+00
3.766000000e-01,3.016075612e-03,4.581318462e+00
3.768000000e-01,3.016026734e-03,4.791863222e+00
3.770000000e-01,3.016011764e-03,4.893649408e+00
3.772000000e-01,3.016013809e-03,4.884366829e+00
3.774000000e-01,3.016036342e-03,4.764226167e+00
3.776000000e-01,3.016086786e-03,4.535954195e+00
3.778000000e-01,3.016143986e-03,4.204731891e+00
3.780000000e-01,3.016229747e-03,3.778076846e+00
3.782000000e-01,3.016325489e-03,3.265672640e+00
3.784000000e-01,3.016436883e-03,2.679149060e+00
3.786000000e-01,3.016564317e-03,2.031818146e+00
3.788000000e-01,3.016700615e-03,1.338372049e+00
3.790000000e-01,3.016836696e-03,6.145495775e-01
3.792000000e-01,3.016986228e-03,-1.232210252e-01
3.794000000e-01,3.017123843e-03,-8.581949406e-01
3.796000000e-01,3.017258778e-03,-1.573690826e+00
3.798000000e-01,3.017387513e-03,-2.253469420e+00
3.800000000e-01,3.017514295e-03,-2.882102122e+00
3.802000000e-01,3.017621288e-03,-3.445321163e+00
3.804000000e-01,3.017713311e-03,-3.930343436e+00
3.806000000e-01,3.017792207e-03,-4.326160628e+00
3.808000000e-01,3.017851391e-03,-4.623789069e+00
3.810000000e-01,3.017884152e-03,-4.816473634e+00
3.812000000e-01,3.017903523e-03,-4.899841053e+00
3.814000000e-01,3.017897092e-03,-4.871999179e+00
3.816000000e-01,3.017878123e-03,-4.733579924e+00
3.818000000e-01,3.017822783e-03,-4.487724923e+00
3.820000000e-01,3.017760872e-03,-4.140014225e+00
3.822000000e-01,3.017672011e-03,-3.698339651e+00
3.824000000e-01,3.017575432e-03,-3.172725673e+00
3.826000000e-01,3.017456971e-03,-2.575101892e+00
3.828000000e-01,3.017327182e-03,-1.919032285e+00
3.830000000e-01,3.017194015e-03,-1.219407341e+00
3.832000000e-01,3.017056012e-03,-4.921061055e-01
3.834000000e-01,3.016913794e-03,2.463642214e-01
3.836000000e-01,3.016766602e-03,9.792429402e-01
3.838000000e-01,3.016629901e-03,1.689896261e+00
3.840000000e-01,3.016502204e-03,2.362194834e+00
3.842000000e-01,3.016387075e-03,2.980879827e+00
3.844000000e-01,3.016280873e-03,3.531909249e+00
3.846000000e-01,3.016184108e-03,4.002776657e+00
3.848000000e-01,3.016105878e-03,4.382795001e+00
3.850000000e-01,3.016058503e-03,4.663339193e+00
3.852000000e-01,3.016025060e-03,4.838041857e+00
3.854000000e-01,3.016012941e-03,4.902937854e+00
3.856000000e-01,3.016014817e-03,4.856554270e+00
3.858000000e-01,3.016046663e-03,4.699943851e+00
3.860000000e-01,3.016099369e-03,4.436661107e+00
3.862000000e-01,3.016172439e-03,4.072681637e+00
3.864000000e-01,3.016259797e-03,3.616266506e+00
3.866000000e-01,3.016366479e-03,3.077774744e+00
3.868000000e-01,3.016484444e-03,2.469428235e+00
3.870000000e-01,3.016611552e-03,1.805034322e+00
3.872000000e-01,3.016748594e-03,1.099672429e+00
3.874000000e-01,3.016890052e-03,3.693518087e-01
3.876000000e-01,3.017027606e-03,-3.693518087e-01
3.878000000e-01,3.017173047e-03,-1.099672429e+00
3.880000000e-01,3.017305083e-03,-1.805034322e+00
3.882000000e-01,3.017436654e-03,-2.469428235e+00
3.884000000e-01,3.017550698e-03,-3.077774744e+00
3.886000000e-01,3.017661255e-03,-3.616266506e+00
3.888000000e-01,3.017743081e-03,-4.072681637e+00
3.890000000e-01,3.017816538e-03,-4.436661107e+00
3.892000000e-01,3.017868407e-03,-4.699943851e+00
3.894000000e-01,3.017895930e-03,-4.856554270e+00
3.896000000e-01,3.017903957e-03,-4.902937854e+00
3.898000000e-01,3.017897743e-03,-4.838041857e+00
3.900000000e-01,3.017854723e-03,-4.663339193e+00
3.902000000e-01,3.017806511e-03,-4.382795001e+00
3.904000000e-01,3.017730714e-03,-4.002776657e+00
3.906000000e-01,3.017637607e-03,-3.531909249e+00
3.908000000e-01,3.017534736e-03,-2.980879827e+00
3.910000000e-01,3.017411983e-03,-2.362194834e+00
3.912000000e-01,3.017285960e-03,-1.689896261e+00
3.914000000e-01,3.017149228e-03,-9.792429402e-01
3.916000000e-01,3.017005429e-03,-2.463642214e-01
3.918000000e-01,3.016865148e-03,4.921061055e-01
3.920000000e-01,3.016721675e-03,1.219407341e+00
3.922000000e-01,3.016589267e-03,1.919032285e+00
3.924000000e-01,3.016460795e-03,2.575101892e+00
3.926000000e-01,3.016344458e-03,3.172725673e+00
3.928000000e-01,3.016244718e-03,3.698339651e+00
3.930000000e-01,3.016160552e-03,4.140014225e+00
3.932000000e-01,3.016095914e-03,4.487724923e+00
3.934000000e-01,3.016047717e-03,4.733579924e+00
3.936000000e-01,3.016021201e-03,4.871999179e+00
3.938000000e-01,3.016010586e-03,4.899841053e+00
3.940000000e-01,3.016027400e-03,4.816473634e+00
3.942000000e-01,3.016065771e-03,4.623789069e+00
3.944000000e-01,3.016124785e-03,4.326160628e+00
3.946000000e-01,3.016197296e-03,3.930343436e+00
3.948000000e-01,3.016295006e-03,3.445321163e+00
3.950000000e-01,3.016397319e-03,2.882102122e+00
3.952000000e-01,3.016524706e-03,2.253469420e+00
3.954000000e-01,3.016653364e-03,1.573690826e+00
3.956000000e-01,3.016790498e-03,8.581949407e-01
3.958000000e-01,3.016935382e-03,1.232210252e-01
3.960000000e-01,3.017078591e-03,-6.145495775e-01
3.962000000e-01,3.017219012e-03,-1.338372049e+00
3.964000000e-01,3.017350676e-03,-2.031818146e+00
3.966000000e-01,3.017475103e-03,-2.679149060e+00
3.968000000e-01,3.017588419e-03,-3.265672640e+00
3.970000000e-01,3.017685385e-03,-3.778076846e+00
3.972000000e-01,3.017768636e-03,-4.204731891e+00
3.974000000e-01,3.017833476e-03,-4.535954195e+00
3.976000000e-01,3.017878185e-03,-4.764226167e+00
3.978000000e-01,3.017901292e-03,-4.884366829e+00
3.980000000e-01,3.017902206e-03,-4.893649408e+00
3.982000000e-01,3.017881316e-03,-4.791863222e+00
3.984000000e-01,3.017841736e-03,-4.581318462e+00
3.986000000e-01,3.017776152e-03,-4.266793759e+00
3.988000000e-01,3.017699782e-03,-3.855427727e+00
3.990000000e-01,3.017607837e-03,-3.356556938e+00
3.992000000e-01,3.017500673e-03,-2.781504020e+00
3.994000000e-01,3.017367723e-03,-2.143320667e+00
3.996000000e-01,3.017240847e-03,-1.456491413e+00
3.998000000e-01,3.017104348e-03,-7.366048868e-01
